1	Как	как	ADV	_	Degree=Pos	_	_	_	@yad1986-word#@yad1986#848.04#848.243
2	Вы	вы	PRON	_	Case=Nom|Number=Plur|Person=2	_	_	_	@yad1986-word#@yad1986#848.243#848.446
3	считаете	считать	VERB	_	Aspect=Imp|Mood=Ind|Number=Plur|Person=2|Tense=Pres|VerbForm=Fin|Voice=Act	_	_	_	@yad1986-word#@yad1986#848.446#848.65
4	людям	человек	NOUN	_	Animacy=Anim|Case=Dat|Gender=Masc|Number=Plur	_	_	_	@yad1986-word#@yad1986#849.005#849.282
5	которые	который	PRON	_	Case=Acc	_	_	_	@yad1986-word#@yad1986#849.282#849.559
6	живут	жить	VERB	_	Aspect=Imp|Mood=Ind|Number=Plur|Person=3|Tense=Pres|VerbForm=Fin|Voice=Act	_	_	_	@yad1986-word#@yad1986#849.559#849.836
7	в	в	ADP	_	_	_	_	_	@yad1986-word#@yad1986#849.836#850.113
8	России	Россия	PROPN	_	Animacy=Inan|Case=Loc|Gender=Fem|Number=Sing	_	_	_	@yad1986-word#@yad1986#850.113#850.39
9	к	к	ADP	_	_	_	_	_	@yad1986-word#@yad1986#851.31#851.42
10	как	как	SCONJ	_	_	_	_	_	@yad1986-word#@yad1986#851.78#851.94
11	куда	куда	ADV	_	Degree=Pos	_	_	_	@yad1986-word#@yad1986#852.135#852.388
12	лучше	хорошо	ADJ	_	Degree=Cmp	_	_	_	@yad1986-word#@yad1986#852.388#852.641
13	отправлять	отправлять	VERB	_	Aspect=Imp|VerbForm=Inf|Voice=Act	_	_	_	@yad1986-word#@yad1986#852.641#852.894
14	детей	ребенок	NOUN	_	Animacy=Anim|Case=Acc|Gender=Masc|Number=Plur	_	_	_	@yad1986-word#@yad1986#852.894#853.147
15	?	?	PUNCT	_	_	_	_	_	@yad1986-word#@yad1986#853.147#853.4
16	Ну	ну	PART	_	_	_	_	_	@yad1986-word#@yad1986#871.385#871.713
17	не	не	PART	_	_	_	_	_	@yad1986-word#@yad1986#871.713#872.041
18	все	весь	DET	_	Case=Acc|Number=Plur	_	_	_	@yad1986-word#@yad1986#872.041#872.369
19	принципы	принцип	NOUN	_	Animacy=Inan|Case=Acc|Gender=Masc|Number=Plur	_	_	_	@yad1986-word#@yad1986#872.369#872.697
20	жизни	жизнь	NOUN	_	Animacy=Inan|Case=Gen|Gender=Fem|Number=Sing	_	_	_	@yad1986-word#@yad1986#872.697#873.025
21	богатых	богатый	ADJ	_	Case=Gen|Degree=Pos|Number=Plur	_	_	_	@yad1986-word#@yad1986#873.025#873.353
22	людей	человек	NOUN	_	Animacy=Anim|Case=Gen|Gender=Masc|Number=Plur	_	_	_	@yad1986-word#@yad1986#873.353#873.681
23	мне	я	PRON	_	Case=Dat|Number=Sing|Person=1	_	_	_	@yad1986-word#@yad1986#873.681#874.009
24	близки	близкий	ADJ	_	Degree=Pos|Number=Plur|Variant=Short	_	_	_	@yad1986-word#@yad1986#874.009#874.345
25	Не	не	PART	_	_	_	_	_	@yad1986-word#@yad1986#874.91#875.152
26	не	не	PART	_	_	_	_	_	@yad1986-word#@yad1986#875.152#875.394
27	не	не	PART	_	_	_	_	_	@yad1986-word#@yad1986#875.394#875.636
28	я	я	PRON	_	Case=Nom|Number=Sing|Person=1	_	_	_	@yad1986-word#@yad1986#875.636#875.878
29	серьезно	серьезно	ADV	_	Degree=Pos	_	_	_	@yad1986-word#@yad1986#875.878#876.12
30	нет	нет	VERB	_	Aspect=Imp|Mood=Ind|Number=Sing|Person=3|Tense=Pres|VerbForm=Fin|Voice=Act	_	_	_	@yad1986-word#@yad1986#876.12#876.362
31	нуу	ну	ADV	_	Degree=Pos	_	_	_	@yad1986-word#@yad1986#876.362#876.604
32	грубо	грубо	ADV	_	Degree=Pos	_	_	_	@yad1986-word#@yad1986#876.604#876.846
33	говоря	говорить	VERB	_	Aspect=Imp|Tense=Pres|VerbForm=Conv|Voice=Act	_	_	_	@yad1986-word#@yad1986#876.846#877.088
34	жить	жить	VERB	_	Aspect=Imp|VerbForm=Inf|Voice=Act	_	_	_	@yad1986-word#@yad1986#877.088#877.33
35	и	и	CCONJ	_	_	_	_	_	@yad1986-word#@yad1986#877.33#877.572
36	делать	делать	VERB	_	Aspect=Imp|VerbForm=Inf|Voice=Act	_	_	_	@yad1986-word#@yad1986#877.572#877.814
37	бизнес	бизнес	NOUN	_	Animacy=Inan|Case=Acc|Gender=Masc|Number=Sing	_	_	_	@yad1986-word#@yad1986#877.814#878.056
38	в	в	ADP	_	_	_	_	_	@yad1986-word#@yad1986#878.056#878.298
39	России	Россия	PROPN	_	Animacy=Inan|Case=Loc|Gender=Fem|Number=Sing	_	_	_	@yad1986-word#@yad1986#878.298#878.54
40	эээ	эээ	NOUN	_	Case=Gen|Degree=Pos|Gender=Fem|Number=Sing	_	_	_	@yad1986-word#@yad1986#878.8#879.58
41	вся	весь	DET	_	Case=Nom|Gender=Fem|Number=Sing	_	_	_	@yad1986-word#@yad1986#879.695#879.953
42	твоя	твой	DET	_	Case=Nom|Gender=Fem|Number=Sing	_	_	_	@yad1986-word#@yad1986#879.953#880.211
43	семья	семья	NOUN	_	Animacy=Inan|Case=Nom|Gender=Fem|Number=Sing	_	_	_	@yad1986-word#@yad1986#880.211#880.469
44	живет	жить	VERB	_	Aspect=Imp|Mood=Ind|Number=Sing|Person=3|Tense=Pres|VerbForm=Fin|Voice=Act	_	_	_	@yad1986-word#@yad1986#880.469#880.727
45	на	на	ADP	_	_	_	_	_	@yad1986-word#@yad1986#880.727#880.985
46	Лазурке	Лазурка	PROPN	_	Animacy=Inan|Case=Loc|Gender=Fem|Number=Sing	_	_	_	@yad1986-word#@yad1986#880.985#881.245
47	это	это	PRON	_	Animacy=Inan|Case=Nom|Gender=Neut|Number=Sing	_	_	_	@yad1986-word#@yad1986#881.585#881.839
48	не	не	PART	_	_	_	_	_	@yad1986-word#@yad1986#881.839#882.093
49	близкая	близкий	ADJ	_	Case=Nom|Degree=Pos|Gender=Fem|Number=Sing	_	_	_	@yad1986-word#@yad1986#882.093#882.347
50	мне	я	PRON	_	Case=Dat|Number=Sing|Person=1	_	_	_	@yad1986-word#@yad1986#882.347#882.601
51	история	история	NOUN	_	Animacy=Inan|Case=Nom|Gender=Fem|Number=Sing	_	_	_	@yad1986-word#@yad1986#882.601#882.855
52	даже	даже	PART	_	_	_	_	_	@yad1986-word#@yad1986#882.855#883.109
53	если	если	SCONJ	_	_	_	_	_	@yad1986-word#@yad1986#883.109#883.363
54	представить	представить	VERB	_	Aspect=Perf|VerbForm=Inf|Voice=Act	_	_	_	@yad1986-word#@yad1986#883.363#883.617
55	что	что	PRON	_	Case=Acc	_	_	_	@yad1986-word#@yad1986#883.617#883.871
56	можно	можно	ADV	_	Degree=Pos	_	_	_	@yad1986-word#@yad1986#883.871#884.125
57	это	это	PRON	_	Animacy=Inan|Case=Acc|Gender=Neut|Number=Sing	_	_	_	@yad1986-word#@yad1986#884.125#884.379
58	позволить	позволить	VERB	_	Aspect=Perf|VerbForm=Inf|Voice=Act	_	_	_	@yad1986-word#@yad1986#884.379#884.635
59	это	это	PRON	_	Animacy=Inan|Case=Acc|Gender=Neut|Number=Sing	_	_	_	@yad1986-word#@yad1986#895.585#895.788
60	правда	правда	ADV	_	Degree=Pos	_	_	_	@yad1986-word#@yad1986#895.788#895.991
61	да	да	PART	_	_	_	_	_	@yad1986-word#@yad1986#895.991#896.195
62	А	а	PART	_	_	_	_	_	@yad1986-word#@yad1986#915.615#915.779
63	какой	какой	DET	_	Case=Acc|Gender=Masc|Number=Sing	_	_	_	@yad1986-word#@yad1986#915.779#915.943
64	порядок	порядок	NOUN	_	Animacy=Inan|Case=Acc|Gender=Masc|Number=Sing	_	_	_	@yad1986-word#@yad1986#915.943#916.107
65	цен	цена	NOUN	_	Animacy=Inan|Case=Gen|Gender=Fem|Number=Plur	_	_	_	@yad1986-word#@yad1986#916.107#916.271
66	?	?	PUNCT	_	_	_	_	_	@yad1986-word#@yad1986#916.271#916.435
67	И	и	CCONJ	_	_	_	_	_	@yad1986-word#@yad1986#927.285#927.614
68	это	это	PRON	_	Animacy=Inan|Case=Nom|Gender=Neut|Number=Sing	_	_	_	@yad1986-word#@yad1986#927.614#927.943
69	эээ	эээ	NOUN	_	Case=Gen|Degree=Pos|Gender=Fem|Number=Sing	_	_	_	@yad1986-word#@yad1986#927.943#928.272
70	уровня	уровень	NOUN	_	Animacy=Inan|Case=Gen|Gender=Masc|Number=Sing	_	_	_	@yad1986-word#@yad1986#928.272#928.601
71	того	то	PRON	_	Animacy=Inan|Case=Gen|Gender=Neut|Number=Sing	_	_	_	@yad1986-word#@yad1986#928.601#928.93
72	что	что	PRON	_	Case=Nom	_	_	_	@yad1986-word#@yad1986#928.93#929.259
73	находится	находиться	VERB	_	Aspect=Imp|Mood=Ind|Number=Sing|Person=3|Tense=Pres|VerbForm=Fin|Voice=Mid	_	_	_	@yad1986-word#@yad1986#929.259#929.588
74	в	в	ADP	_	_	_	_	_	@yad1986-word#@yad1986#929.588#929.917
75	кембридже	кембридж	NOUN	_	Animacy=Inan|Case=Loc|Gender=Masc|Number=Sing	_	_	_	@yad1986-word#@yad1986#929.917#930.246
76	?	?	PUNCT	_	_	_	_	_	@yad1986-word#@yad1986#930.246#930.575
77	Какова	каков	ADJ	_	Degree=Pos|Gender=Fem|Number=Sing|Variant=Short	_	_	_	@yad1986-word#@yad1986#938.505#938.718
78	вероятность	вероятность	NOUN	_	Animacy=Inan|Case=Nom|Gender=Fem|Number=Sing	_	_	_	@yad1986-word#@yad1986#938.718#938.931
79	что	что	SCONJ	_	_	_	_	_	@yad1986-word#@yad1986#938.931#939.144
80	это	это	PRON	_	Animacy=Inan|Case=Nom|Gender=Neut|Number=Sing	_	_	_	@yad1986-word#@yad1986#939.144#939.357
81	окупится	окупиться	VERB	_	Aspect=Perf|Mood=Ind|Number=Sing|Person=3|Tense=Fut|VerbForm=Fin|Voice=Mid	_	_	_	@yad1986-word#@yad1986#939.357#939.57
82	?	?	PUNCT	_	_	_	_	_	@yad1986-word#@yad1986#939.57#939.785
83	Вот	вот	PART	_	_	_	_	_	@yad1986-word#@yad1986#940.03#940.15
84	допустим	допустить	VERB	_	Aspect=Perf|Mood=Ind|Number=Plur|Person=1|Tense=Fut|VerbForm=Fin|Voice=Act	_	_	_	@yad1986-word#@yad1986#940.325#940.895
85	допостим	допостить	VERB	_	Aspect=Perf|Mood=Ind|Number=Plur|Person=1|Tense=Fut|VerbForm=Fin|Voice=Act	_	_	_	@yad1986-word#@yad1986#941.155#941.745
86	вот	вот	PART	_	_	_	_	_	@yad1986-word#@yad1986#942.265#942.405
87	вот	вот	PART	_	_	_	_	_	@yad1986-word#@yad1986#942.6#942.878
88	ты	ты	PRON	_	Case=Nom|Number=Sing|Person=2	_	_	_	@yad1986-word#@yad1986#942.878#943.156
89	отправляешь	отправлять	VERB	_	Aspect=Imp|Mood=Ind|Number=Sing|Person=2|Tense=Pres|VerbForm=Fin|Voice=Act	_	_	_	@yad1986-word#@yad1986#943.156#943.434
90	ребенка	ребенок	NOUN	_	Animacy=Anim|Case=Acc|Gender=Masc|Number=Sing	_	_	_	@yad1986-word#@yad1986#943.434#943.712
91	туда	туда	ADV	_	Degree=Pos	_	_	_	@yad1986-word#@yad1986#943.712#943.99
92	тратишь	тратить	VERB	_	Aspect=Imp|Mood=Ind|Number=Sing|Person=2|Tense=Pres|VerbForm=Fin|Voice=Act	_	_	_	@yad1986-word#@yad1986#944.06#944.455
93	на	на	ADP	_	_	_	_	_	@yad1986-word#@yad1986#944.455#944.85
94	это	это	PRON	_	Animacy=Inan|Case=Acc|Gender=Neut|Number=Sing	_	_	_	@yad1986-word#@yad1986#944.85#945.245
95	320	320	NUM	_	_	_	_	_	@yad1986-word#@yad1986#945.245#945.64
96	эээ	эээ	NOUN	_	Case=Gen|Degree=Pos|Gender=Fem|Number=Sing	_	_	_	@yad1986-word#@yad1986#945.755#946.295
97	тысяч	тысяча	NOUN	_	Animacy=Inan|Case=Gen|Gender=Fem|Number=Plur	_	_	_	@yad1986-word#@yad1986#946.54#946.87
98	зелени	зелень	NOUN	_	Animacy=Inan|Case=Gen|Gender=Fem|Number=Sing	_	_	_	@yad1986-word#@yad1986#947.115#947.655
99	и	и	CCONJ	_	_	_	_	_	@yad1986-word#@yad1986#947.94#948.16
100	что	что	PRON	_	Case=Nom	_	_	_	@yad1986-word#@yad1986#948.725#948.903
101	дальше	далеко	ADV	_	Degree=Pos	_	_	_	@yad1986-word#@yad1986#948.903#949.081
102	?	?	PUNCT	_	_	_	_	_	@yad1986-word#@yad1986#949.081#949.26
103	он	он	PRON	_	Case=Nom|Gender=Masc|Number=Sing|Person=3	_	_	_	@yad1986-word#@yad1986#949.64#949.857
104	открыт	открыть	VERB	_	Aspect=Perf|Gender=Masc|Number=Sing|Tense=Past|Variant=Short|VerbForm=Part|Voice=Pass	_	_	_	@yad1986-word#@yad1986#949.857#950.074
105	миру	мир	NOUN	_	Animacy=Inan|Case=Dat|Gender=Masc|Number=Sing	_	_	_	@yad1986-word#@yad1986#950.074#950.291
106	?	?	PUNCT	_	_	_	_	_	@yad1986-word#@yad1986#950.291#950.51
107	Он	он	PRON	_	Case=Nom|Gender=Masc|Number=Sing|Person=3	_	_	_	@yad1986-word#@yad1986#950.71#950.981
108	может	мочь	VERB	_	Aspect=Imp|Mood=Ind|Number=Sing|Person=3|Tense=Pres|VerbForm=Fin|Voice=Act	_	_	_	@yad1986-word#@yad1986#950.981#951.252
109	он	он	PRON	_	Case=Nom|Gender=Masc|Number=Sing|Person=3	_	_	_	@yad1986-word#@yad1986#951.252#951.523
110	может	мочь	VERB	_	Aspect=Imp|Mood=Ind|Number=Sing|Person=3|Tense=Pres|VerbForm=Fin|Voice=Act	_	_	_	@yad1986-word#@yad1986#951.523#951.794
111	строить	строить	VERB	_	Aspect=Imp|VerbForm=Inf|Voice=Act	_	_	_	@yad1986-word#@yad1986#951.794#952.065
112	свою	свой	DET	_	Case=Acc|Gender=Fem|Number=Sing	_	_	_	@yad1986-word#@yad1986#952.065#952.336
113	карьеру	карьера	NOUN	_	Animacy=Inan|Case=Acc|Gender=Fem|Number=Sing	_	_	_	@yad1986-word#@yad1986#952.336#952.607
114	в	в	ADP	_	_	_	_	_	@yad1986-word#@yad1986#952.607#952.878
115	штатах	штат	NOUN	_	Animacy=Inan|Case=Loc|Gender=Masc|Number=Plur	_	_	_	@yad1986-word#@yad1986#952.878#953.149
116	или	или	CCONJ	_	_	_	_	_	@yad1986-word#@yad1986#953.149#953.42
117	все	весь	PART	_	_	_	_	_	@yad1986-word#@yad1986#953.42#953.7
118	Вы	вы	PRON	_	Case=Nom|Number=Plur|Person=2	_	_	_	@yad1986-word#@yad1986#965.07#965.425
119	можете	мочь	VERB	_	Aspect=Imp|Mood=Ind|Number=Plur|Person=2|Tense=Pres|VerbForm=Fin|Voice=Act	_	_	_	@yad1986-word#@yad1986#965.425#965.78
120	описать	описать	VERB	_	Aspect=Perf|VerbForm=Inf|Voice=Act	_	_	_	@yad1986-word#@yad1986#965.78#966.135
121	свое	свой	DET	_	Case=Acc|Gender=Neut|Number=Sing	_	_	_	@yad1986-word#@yad1986#966.135#966.49
122	чувство	чувство	NOUN	_	Animacy=Inan|Case=Acc|Gender=Neut|Number=Sing	_	_	_	@yad1986-word#@yad1986#966.49#966.845
123	когда	когда	ADV	_	Degree=Pos	_	_	_	@yad1986-word#@yad1986#966.845#967.2
124	вы	вы	PRON	_	Case=Nom|Number=Plur|Person=2	_	_	_	@yad1986-word#@yad1986#967.26#967.426
125	выбирались	выбирать	VERB	_	Aspect=Imp|Mood=Ind|Number=Plur|Tense=Past|VerbForm=Fin|Voice=Pass	_	_	_	@yad1986-word#@yad1986#967.426#967.592
126	?	?	PUNCT	_	_	_	_	_	@yad1986-word#@yad1986#967.592#967.76
127	Вот	вот	PART	_	_	_	_	_	@yad1986-word#@yad1986#968.225#968.476
128	до	до	ADP	_	_	_	_	_	@yad1986-word#@yad1986#968.476#968.727
129	тех	тот	DET	_	Case=Gen|Number=Plur	_	_	_	@yad1986-word#@yad1986#968.727#968.978
130	пор	пора	NOUN	_	Animacy=Inan|Case=Gen|Gender=Fem|Number=Plur	_	_	_	@yad1986-word#@yad1986#968.978#969.229
131	пока	пока	ADV	_	Degree=Pos	_	_	_	@yad1986-word#@yad1986#969.229#969.48
132	самолет	самолет	NOUN	_	Animacy=Inan|Case=Nom|Gender=Masc|Number=Sing	_	_	_	@yad1986-word#@yad1986#969.48#969.731
133	не	не	PART	_	_	_	_	_	@yad1986-word#@yad1986#969.731#969.982
134	взлетел	взлететь	VERB	_	Aspect=Imp|Gender=Masc|Mood=Ind|Number=Sing|Tense=Past|VerbForm=Fin|Voice=Act	_	_	_	@yad1986-word#@yad1986#969.982#970.233
135	Вам	вы	PRON	_	Case=Dat|Number=Plur|Person=2	_	_	_	@yad1986-word#@yad1986#970.233#970.484
136	было	быть	VERB	_	Aspect=Imp|Gender=Neut|Mood=Ind|Number=Sing|Tense=Past|VerbForm=Fin|Voice=Act	_	_	_	@yad1986-word#@yad1986#970.484#970.735
137	эээ	эээ	NOUN	_	Animacy=Inan|Case=Nom|Gender=Neut|Number=Sing	_	_	_	@yad1986-word#@yad1986#971.345#971.55
138	волнительно?	волнительно?	PUNCT	_	_	_	_	_	@yad1986-word#@yad1986#971.55#971.755
139	Флажок	флажок	PROPN	_	Animacy=Anim|Case=Nom|Gender=Masc|Number=Sing	_	_	_	@yad1986-word#@yad1986#1054.855#1055.185
140	еще	еще	ADV	_	Degree=Pos	_	_	_	@yad1986-word#@yad1986#1100.15#1100.335
141	раз	раз	NOUN	_	Animacy=Inan|Case=Acc|Gender=Masc|Number=Sing	_	_	_	@yad1986-word#@yad1986#1100.335#1100.52
142	если	если	SCONJ	_	_	_	_	_	@yad1986-word#@yad1986#1100.52#1100.705
143	кто	кто	PRON	_	Case=Nom	_	_	_	@yad1986-word#@yad1986#1100.705#1100.89
144	то	то	PART	_	_	_	_	_	@yad1986-word#@yad1986#1100.89#1101.075
145	не	не	PART	_	_	_	_	_	@yad1986-word#@yad1986#1101.075#1101.26
146	уловил	уловить	VERB	_	Aspect=Perf|Gender=Masc|Mood=Ind|Number=Sing|Tense=Past|VerbForm=Fin|Voice=Act	_	_	_	@yad1986-word#@yad1986#1101.26#1101.45
147	эээ	эээ	NOUN	_	Animacy=Inan|Case=Gen|Gender=Fem|Number=Sing	_	_	_	@yad1986-word#@yad1986#1101.635#1101.901
148	отправной	отправной	ADJ	_	Case=Ins|Degree=Pos|Gender=Fem|Number=Sing	_	_	_	@yad1986-word#@yad1986#1101.901#1102.167
149	точкой	точка	NOUN	_	Animacy=Inan|Case=Ins|Gender=Fem|Number=Sing	_	_	_	@yad1986-word#@yad1986#1102.167#1102.433
150	было	быть	AUX	_	Aspect=Imp|Gender=Neut|Mood=Ind|Number=Sing|Tense=Past|VerbForm=Fin|Voice=Act	_	_	_	@yad1986-word#@yad1986#1102.433#1102.699
151	участие	участие	NOUN	_	Animacy=Inan|Case=Nom|Gender=Neut|Number=Sing	_	_	_	@yad1986-word#@yad1986#1102.699#1102.965
152	в	в	ADP	_	_	_	_	_	@yad1986-word#@yad1986#1102.965#1103.231
153	деле	дело	NOUN	_	Animacy=Inan|Case=Loc|Gender=Neut|Number=Sing	_	_	_	@yad1986-word#@yad1986#1103.231#1103.497
154	Эксперт	эксперт	NOUN	_	Animacy=Anim|Case=Nom|Gender=Masc|Number=Sing	_	_	_	@yad1986-word#@yad1986#1104.029#1104.295
155	так	так	ADV	_	Degree=Pos	_	_	_	@yad1986-word#@yad1986#1104.7#1104.926
156	называемое	называть	VERB	_	Aspect=Imp|Case=Nom|Gender=Neut|Number=Sing|Tense=Pres|VerbForm=Part|Voice=Pass	_	_	_	@yad1986-word#@yad1986#1104.926#1105.152
157	дело 	дело 	NOUN	_	Animacy=Inan|Case=Gen|Gender=Fem|Number=Sing	_	_	_	@yad1986-word#@yad1986#1105.83#1106.06
158	экспертов	эксперт	NOUN	_	Animacy=Anim|Case=Gen|Gender=Masc|Number=Plur	_	_	_	@yad1986-word#@yad1986#1106.725#1107.003
159	что	что	SCONJ	_	_	_	_	_	@yad1986-word#@yad1986#1107.003#1107.281
160	вопрос	вопрос	NOUN	_	Animacy=Inan|Case=Nom|Gender=Masc|Number=Sing	_	_	_	@yad1986-word#@yad1986#1107.281#1107.559
161	звучит	звучать	VERB	_	Aspect=Imp|Mood=Ind|Number=Sing|Person=3|Tense=Pres|VerbForm=Fin|Voice=Act	_	_	_	@yad1986-word#@yad1986#1107.559#1107.837
162	странно	странно	ADV	_	Degree=Pos	_	_	_	@yad1986-word#@yad1986#1107.837#1108.115
163	но	но	CCONJ	_	_	_	_	_	@yad1986-word#@yad1986#1108.165#1108.405
164	все	все	PRON	_	Animacy=Inan|Case=Nom|Gender=Neut|Number=Sing	_	_	_	@yad1986-word#@yad1986#1108.55#1108.73
165	равно	равный	ADJ	_	Degree=Pos|Gender=Neut|Number=Sing|Variant=Short	_	_	_	@yad1986-word#@yad1986#1108.73#1108.91
166	вам	вы	PRON	_	Case=Dat|Number=Plur|Person=2	_	_	_	@yad1986-word#@yad1986#1109.495#1109.807
167	кто	кто	PRON	_	Case=Nom	_	_	_	@yad1986-word#@yad1986#1109.807#1110.119
168	нибудь	нибудь	ADV	_	Degree=Pos	_	_	_	@yad1986-word#@yad1986#1110.119#1110.431
169	предлагал	предлагать	VERB	_	Aspect=Imp|Gender=Masc|Mood=Ind|Number=Sing|Tense=Past|VerbForm=Fin|Voice=Act	_	_	_	@yad1986-word#@yad1986#1110.431#1110.743
170	деньги	деньги	NOUN	_	Animacy=Inan|Case=Acc|Gender=Fem|Number=Plur	_	_	_	@yad1986-word#@yad1986#1110.743#1111.055
171	за	за	ADP	_	_	_	_	_	@yad1986-word#@yad1986#1111.18#1111.61
172	мнение	мнение	NOUN	_	Animacy=Inan|Case=Acc|Gender=Neut|Number=Sing	_	_	_	@yad1986-word#@yad1986#1111.67#1112.39
173	по	по	ADP	_	_	_	_	_	@yad1986-word#@yad1986#1112.495#1112.637
174	этому	этот	DET	_	Case=Dat|Gender=Masc|Number=Sing	_	_	_	@yad1986-word#@yad1986#1112.637#1112.779
175	Делу	дело	NOUN	_	Animacy=Inan|Case=Dat|Gender=Masc|Number=Sing	_	_	_	@yad1986-word#@yad1986#1113.063#1113.205
176	?	?	PUNCT	_	_	_	_	_	@yad1986-word#@yad1986#1113.205#1113.35
177	а	а	CCONJ	_	_	_	_	_	@yad1986-word#@yad1986#1159.425#1159.584
178	какие	какой	DET	_	Case=Acc|Number=Plur	_	_	_	@yad1986-word#@yad1986#1159.584#1159.743
179	там	там	ADV	_	Degree=Pos	_	_	_	@yad1986-word#@yad1986#1159.743#1159.902
180	были	быть	VERB	_	Aspect=Imp|Mood=Ind|Number=Plur|Tense=Past|VerbForm=Fin|Voice=Act	_	_	_	@yad1986-word#@yad1986#1159.902#1160.061
181	деньги	деньги	NOUN	_	Animacy=Inan|Case=Nom|Gender=Fem|Number=Plur	_	_	_	@yad1986-word#@yad1986#1160.061#1160.22
182	?	?	PUNCT	_	_	_	_	_	@yad1986-word#@yad1986#1160.22#1160.38
183	по	по	ADP	_	_	_	_	_	@yad1986-word#@yad1986#1162.3#1162.553
184	тому	тот	DET	_	Case=Dat|Gender=Masc|Number=Sing	_	_	_	@yad1986-word#@yad1986#1162.553#1162.806
185	курсу	курс	NOUN	_	Animacy=Inan|Case=Dat|Gender=Masc|Number=Sing	_	_	_	@yad1986-word#@yad1986#1162.806#1163.059
186	полтора	полтора	NUM	_	Case=Acc|Gender=Masc	_	_	_	@yad1986-word#@yad1986#1163.059#1163.312
187	миллиона	миллион	NOUN	_	Animacy=Inan|Case=Gen|Gender=Masc|Number=Sing	_	_	_	@yad1986-word#@yad1986#1163.312#1163.565
188	рублей	рубль	NOUN	_	Animacy=Inan|Case=Gen|Gender=Masc|Number=Plur	_	_	_	@yad1986-word#@yad1986#1163.565#1163.82
189	угу	уга	NOUN	_	Animacy=Inan|Case=Par|Gender=Masc|Number=Sing	_	_	_	@yad1986-word#@yad1986#1164.96#1165.12
190	Зависит	зависеть	VERB	_	Aspect=Imp|Mood=Ind|Number=Sing|Person=3|Tense=Pres|VerbForm=Fin|Voice=Act	_	_	_	@smg1971-word#@smg1971#854.24#854.54
191	от	от	ADP	_	_	_	_	_	@smg1971-word#@smg1971#854.54#854.84
192	того	то	PRON	_	Animacy=Inan|Case=Gen|Gender=Neut|Number=Sing	_	_	_	@smg1971-word#@smg1971#854.84#855.14
193	куда	куда	ADV	_	Degree=Pos	_	_	_	@smg1971-word#@smg1971#855.14#855.44
194	вы	вы	PRON	_	Case=Nom|Number=Plur|Person=2	_	_	_	@smg1971-word#@smg1971#855.44#855.74
195	можете	мочь	VERB	_	Aspect=Imp|Mood=Ind|Number=Plur|Person=2|Tense=Pres|VerbForm=Fin|Voice=Act	_	_	_	@smg1971-word#@smg1971#855.74#856.04
196	позволить	позволить	VERB	_	Aspect=Perf|VerbForm=Inf|Voice=Act	_	_	_	@smg1971-word#@smg1971#856.04#856.34
197	себе	себя	PRON	_	Case=Dat	_	_	_	@smg1971-word#@smg1971#856.34#856.64
198	отправить	отправить	VERB	_	Aspect=Perf|VerbForm=Inf|Voice=Act	_	_	_	@smg1971-word#@smg1971#856.64#856.94
199	детей	ребенок	NOUN	_	Animacy=Anim|Case=Acc|Gender=Masc|Number=Plur	_	_	_	@smg1971-word#@smg1971#856.94#857.24
200	но	но	CCONJ	_	_	_	_	_	@smg1971-word#@smg1971#857.65#858.06
201	вцелом	вцел	NOUN	_	Animacy=Inan|Case=Ins|Gender=Masc|Number=Sing	_	_	_	@smg1971-word#@smg1971#858.06#858.47
202	самый	самый	ADJ	_	Animacy=Inan|Case=Acc|Degree=Pos|Gender=Masc|Number=Sing	_	_	_	@smg1971-word#@smg1971#858.47#858.88
203	лучший	лучший	ADJ	_	Animacy=Inan|Case=Acc|Degree=Pos|Gender=Masc|Number=Sing	_	_	_	@smg1971-word#@smg1971#858.88#859.29
204	университеты	университет	NOUN	_	Animacy=Inan|Case=Acc|Gender=Masc|Number=Plur	_	_	_	@smg1971-word#@smg1971#859.29#859.7
205	это-американские	это-американский	ADJ	_	Animacy=Inan|Case=Acc|Degree=Pos|Number=Plur	_	_	_	@smg1971-word#@smg1971#859.7#860.11
206	частные	частный	ADJ	_	Animacy=Inan|Case=Acc|Degree=Pos|Number=Plur	_	_	_	@smg1971-word#@smg1971#860.11#860.52
207	университеты	университет	NOUN	_	Animacy=Inan|Case=Acc|Gender=Masc|Number=Plur	_	_	_	@smg1971-word#@smg1971#860.52#860.93
208	и	и	CCONJ	_	_	_	_	_	@smg1971-word#@smg1971#861.415#861.655
209	и	и	PART	_	_	_	_	_	@smg1971-word#@smg1971#861.95#862.23
210	на	на	ADP	_	_	_	_	_	@smg1971-word#@smg1971#862.23#862.51
211	ваш	ваш	DET	_	Case=Acc|Gender=Masc|Number=Sing	_	_	_	@smg1971-word#@smg1971#862.51#862.79
212	вопрос	вопрос	NOUN	_	Animacy=Inan|Case=Acc|Gender=Masc|Number=Sing	_	_	_	@smg1971-word#@smg1971#862.79#863.07
213	очень	очень	ADV	_	Degree=Pos	_	_	_	@smg1971-word#@smg1971#863.07#863.35
214	легко	легко	ADJ	_	Degree=Pos|Gender=Neut|Number=Sing|Variant=Short	_	_	_	@smg1971-word#@smg1971#863.35#863.63
215	ответить	ответить	VERB	_	Aspect=Perf|VerbForm=Inf|Voice=Act	_	_	_	@smg1971-word#@smg1971#863.63#863.91
216	вы	вы	PRON	_	Case=Nom|Number=Plur|Person=2	_	_	_	@smg1971-word#@smg1971#863.91#864.19
217	можете	мочь	VERB	_	Aspect=Imp|Mood=Ind|Number=Plur|Person=2|Tense=Pres|VerbForm=Fin|Voice=Act	_	_	_	@smg1971-word#@smg1971#864.19#864.47
218	посмотреть	смотреть	VERB	_	Aspect=Perf|VerbForm=Inf|Voice=Act	_	_	_	@smg1971-word#@smg1971#864.47#864.75
219	на	на	ADP	_	_	_	_	_	@smg1971-word#@smg1971#865.055#865.342
220	то	то	PRON	_	Animacy=Inan|Case=Acc|Gender=Neut|Number=Sing	_	_	_	@smg1971-word#@smg1971#865.342#865.629
221	куда	куда	ADV	_	Degree=Pos	_	_	_	@smg1971-word#@smg1971#865.629#865.916
222	отправляют	отправлять	VERB	_	Aspect=Imp|Mood=Ind|Number=Plur|Person=3|Tense=Pres|VerbForm=Fin|Voice=Act	_	_	_	@smg1971-word#@smg1971#865.916#866.205
223	детей	ребенок	NOUN	_	Animacy=Anim|Case=Acc|Gender=Masc|Number=Plur	_	_	_	@smg1971-word#@smg1971#866.435#866.705
224	учиться	учиться	VERB	_	Aspect=Imp|VerbForm=Inf|Voice=Mid	_	_	_	@smg1971-word#@smg1971#866.705#866.975
225	те	тот	DET	_	Case=Nom|Number=Plur	_	_	_	@smg1971-word#@smg1971#866.975#867.245
226	люди	человек	NOUN	_	Animacy=Anim|Case=Nom|Gender=Masc|Number=Plur	_	_	_	@smg1971-word#@smg1971#867.245#867.515
227	у	у	ADP	_	_	_	_	_	@smg1971-word#@smg1971#867.515#867.785
228	которых	который	PRON	_	Case=Gen	_	_	_	@smg1971-word#@smg1971#867.785#868.055
229	есть	быть	VERB	_	Aspect=Imp|Mood=Ind|Number=Sing|Person=3|Tense=Pres|VerbForm=Fin|Voice=Act	_	_	_	@smg1971-word#@smg1971#868.055#868.325
230	выбор	выбор	NOUN	_	Animacy=Inan|Case=Nom|Gender=Masc|Number=Sing	_	_	_	@smg1971-word#@smg1971#868.325#868.595
231	богатые	богатый	ADJ	_	Case=Nom|Degree=Pos|Number=Plur	_	_	_	@smg1971-word#@smg1971#869.61#870.09
232	люди	человек	NOUN	_	Animacy=Anim|Case=Nom|Gender=Masc|Number=Plur	_	_	_	@smg1971-word#@smg1971#870.09#870.57
233	эээ	эээ	NOUN	_	Case=Gen|Degree=Pos|Gender=Fem|Number=Sing	_	_	_	@smg1971-word#@smg1971#871.025#871.335
234	#Смееться#	#Смееться#	NOUN	_	Animacy=Inan|Case=Gen|Gender=Fem|Number=Sing	_	_	_	@smg1971-word#@smg1971#874.355#874.895
235	я	я	PRON	_	Case=Nom|Number=Sing|Person=1	_	_	_	@smg1971-word#@smg1971#875.83#876.12
236	понимаю	понимать	VERB	_	Aspect=Imp|Mood=Ind|Number=Sing|Person=1|Tense=Pres|VerbForm=Fin|Voice=Act	_	_	_	@smg1971-word#@smg1971#876.12#876.41
237	я	я	PRON	_	Case=Nom|Number=Sing|Person=1	_	_	_	@smg1971-word#@smg1971#876.565#876.865
238	понимаю	понимать	VERB	_	Aspect=Imp|Mood=Ind|Number=Sing|Person=1|Tense=Pres|VerbForm=Fin|Voice=Act	_	_	_	@smg1971-word#@smg1971#876.865#877.165
239	хорошо	хорошо	ADV	_	Degree=Pos	_	_	_	@smg1971-word#@smg1971#882.815#883.165
240	хорошо	хорошо	ADV	_	Degree=Pos	_	_	_	@smg1971-word#@smg1971#884.785#885.345
241	ну	ну	PART	_	_	_	_	_	@smg1971-word#@smg1971#885.62#885.942
242	многие	много	NUM	_	_	_	_	_	@smg1971-word#@smg1971#885.942#886.264
243	богатые	богатый	ADJ	_	Case=Nom|Degree=Pos|Number=Plur	_	_	_	@smg1971-word#@smg1971#886.264#886.586
244	люди	человек	NOUN	_	Animacy=Anim|Case=Nom|Gender=Masc|Number=Plur	_	_	_	@smg1971-word#@smg1971#886.586#886.908
245	не	не	PART	_	_	_	_	_	@smg1971-word#@smg1971#886.908#887.23
246	только	только	PART	_	_	_	_	_	@smg1971-word#@smg1971#887.23#887.552
247	российские	российский	ADJ	_	Case=Nom|Degree=Pos|Number=Plur	_	_	_	@smg1971-word#@smg1971#887.552#887.88
248	эээ	эээ	NOUN	_	Case=Gen|Degree=Pos|Gender=Fem|Number=Sing	_	_	_	@smg1971-word#@smg1971#888.815#889.116
249	у	у	ADP	_	_	_	_	_	@smg1971-word#@smg1971#889.116#889.417
250	эээ	эээ	NOUN	_	Animacy=Inan|Case=Gen|Gender=Fem|Number=Sing	_	_	_	@smg1971-word#@smg1971#889.417#889.72
251	например	например	ADV	_	Degree=Pos	_	_	_	@smg1971-word#@smg1971#889.755#890.05
252	в	в	ADP	_	_	_	_	_	@smg1971-word#@smg1971#890.05#890.345
253	в	в	ADP	_	_	_	_	_	@smg1971-word#@smg1971#890.61#890.893
254	европе	европ	NOUN	_	Animacy=Inan|Case=Loc|Gender=Masc|Number=Sing	_	_	_	@smg1971-word#@smg1971#890.893#891.176
255	часто	часто	ADV	_	Degree=Pos	_	_	_	@smg1971-word#@smg1971#891.176#891.459
256	такая	такой	DET	_	Case=Nom|Gender=Fem|Number=Sing	_	_	_	@smg1971-word#@smg1971#891.459#891.742
257	идет	идти	VERB	_	Aspect=Imp|Mood=Ind|Number=Sing|Person=3|Tense=Pres|VerbForm=Fin|Voice=Act	_	_	_	@smg1971-word#@smg1971#891.742#892.025
258	дискуссия	дискуссия	NOUN	_	Animacy=Inan|Case=Nom|Gender=Fem|Number=Sing	_	_	_	@smg1971-word#@smg1971#892.025#892.308
259	что	что	SCONJ	_	_	_	_	_	@smg1971-word#@smg1971#892.308#892.591
260	америка	америка	NOUN	_	Animacy=Inan|Case=Nom|Gender=Fem|Number=Sing	_	_	_	@smg1971-word#@smg1971#892.591#892.874
261	такая	такой	DET	_	Case=Nom|Gender=Fem|Number=Sing	_	_	_	@smg1971-word#@smg1971#892.874#893.157
262	страна	страна	NOUN	_	Animacy=Inan|Case=Nom|Gender=Fem|Number=Sing	_	_	_	@smg1971-word#@smg1971#893.157#893.44
263	в	в	ADP	_	_	_	_	_	@smg1971-word#@smg1971#893.44#893.723
264	которой	который	PRON	_	Case=Loc	_	_	_	@smg1971-word#@smg1971#893.723#894.006
265	много	много	ADV	_	Degree=Pos	_	_	_	@smg1971-word#@smg1971#894.006#894.289
266	проблем	проблема	NOUN	_	Animacy=Inan|Case=Gen|Gender=Fem|Number=Plur	_	_	_	@smg1971-word#@smg1971#894.289#894.572
267	и	и	CCONJ	_	_	_	_	_	@smg1971-word#@smg1971#894.572#894.855
268	это	это	PRON	_	Animacy=Inan|Case=Nom|Gender=Neut|Number=Sing	_	_	_	@smg1971-word#@smg1971#894.855#895.138
269	правда	правда	NOUN	_	Animacy=Inan|Case=Nom|Gender=Fem|Number=Sing	_	_	_	@smg1971-word#@smg1971#895.138#895.43
270	но	но	CCONJ	_	_	_	_	_	@smg1971-word#@smg1971#896.405#896.715
271	Но	Но	PROPN	_	Animacy=Inan|Case=Nom|Gender=Masc|Number=Sing	_	_	_	@smg1971-word#@smg1971#896.865#897.19
272	очень	очень	ADV	_	Degree=Pos	_	_	_	@smg1971-word#@smg1971#897.19#897.515
273	много	много	ADV	_	Degree=Pos	_	_	_	@smg1971-word#@smg1971#897.515#897.84
274	есть	быть	VERB	_	Aspect=Imp|Mood=Ind|Number=Plur|Person=3|Tense=Pres|VerbForm=Fin|Voice=Act	_	_	_	@smg1971-word#@smg1971#897.84#898.165
275	европейских	европейский	ADJ	_	Animacy=Anim|Case=Acc|Degree=Pos|Number=Plur	_	_	_	@smg1971-word#@smg1971#898.165#898.49
276	политиков	политик	NOUN	_	Animacy=Anim|Case=Acc|Gender=Masc|Number=Plur	_	_	_	@smg1971-word#@smg1971#898.49#898.815
277	которые	который	PRON	_	Case=Acc	_	_	_	@smg1971-word#@smg1971#898.815#899.14
278	отправляют	отправлявать	VERB	_	Aspect=Imp|Mood=Ind|Number=Plur|Person=3|Tense=Pres|VerbForm=Fin|Voice=Act	_	_	_	@smg1971-word#@smg1971#899.14#899.465
279	своих	свой	DET	_	Case=Acc|Number=Plur	_	_	_	@smg1971-word#@smg1971#899.465#899.79
280	детей	ребенок	NOUN	_	Animacy=Anim|Case=Acc|Gender=Masc|Number=Plur	_	_	_	@smg1971-word#@smg1971#899.79#900.115
281	учиться	учиться	VERB	_	Aspect=Imp|VerbForm=Inf|Voice=Mid	_	_	_	@smg1971-word#@smg1971#900.115#900.445
282	в	в	ADP	_	_	_	_	_	@smg1971-word#@smg1971#900.55#900.81
283	Америку	Америка	PROPN	_	Animacy=Inan|Case=Acc|Gender=Fem|Number=Sing	_	_	_	@smg1971-word#@smg1971#900.81#901.07
284	эээ	эээ	X	_	Foreign=Yes	_	_	_	@smg1971-word#@smg1971#901.705#902.05
285	просто	просто	PART	_	_	_	_	_	@smg1971-word#@smg1971#902.05#902.395
286	потому	потому	ADV	_	Degree=Pos	_	_	_	@smg1971-word#@smg1971#902.395#902.74
287	что	что	SCONJ	_	_	_	_	_	@smg1971-word#@smg1971#902.74#903.085
288	американские	американский	ADJ	_	Case=Nom|Degree=Pos|Number=Plur	_	_	_	@smg1971-word#@smg1971#903.085#903.43
289	университеты	университет	NOUN	_	Animacy=Inan|Case=Nom|Gender=Masc|Number=Plur	_	_	_	@smg1971-word#@smg1971#903.43#903.775
290	лучше	хорошо	ADV	_	Degree=Cmp	_	_	_	@smg1971-word#@smg1971#903.855#904.155
291	другое	другой	ADJ	_	Case=Nom|Degree=Pos|Gender=Neut|Number=Sing	_	_	_	@smg1971-word#@smg1971#904.32#904.655
292	дело	дело	NOUN	_	Animacy=Inan|Case=Nom|Gender=Neut|Number=Sing	_	_	_	@smg1971-word#@smg1971#904.655#904.99
293	что	что	SCONJ	_	_	_	_	_	@smg1971-word#@smg1971#904.99#905.325
294	американские	американский	ADJ	_	Case=Nom|Degree=Pos|Number=Plur	_	_	_	@smg1971-word#@smg1971#905.325#905.66
295	унивеситеты	унивеситет	NOUN	_	Animacy=Inan|Case=Nom|Gender=Masc|Number=Plur	_	_	_	@smg1971-word#@smg1971#905.66#905.995
296	гораздо	гораздо	ADV	_	Degree=Pos	_	_	_	@smg1971-word#@smg1971#905.995#906.33
297	дороже	дорого	ADV	_	Degree=Cmp	_	_	_	@smg1971-word#@smg1971#906.33#906.67
298	и	и	CCONJ	_	_	_	_	_	@smg1971-word#@smg1971#907.33#907.595
299	это	это	PRON	_	Animacy=Inan|Case=Nom|Gender=Neut|Number=Sing	_	_	_	@smg1971-word#@smg1971#907.595#907.86
300	следующий	следующий	ADJ	_	Case=Nom|Degree=Pos|Gender=Masc|Number=Sing	_	_	_	@smg1971-word#@smg1971#907.86#908.125
301	вопрос	вопрос	NOUN	_	Animacy=Inan|Case=Nom|Gender=Masc|Number=Sing	_	_	_	@smg1971-word#@smg1971#908.125#908.39
302	если	если	SCONJ	_	_	_	_	_	@smg1971-word#@smg1971#908.555#908.935
303	ваш	ваш	DET	_	Case=Nom|Gender=Masc|Number=Sing	_	_	_	@smg1971-word#@smg1971#908.935#909.315
304	ребенок	ребенок	NOUN	_	Animacy=Anim|Case=Nom|Gender=Masc|Number=Sing	_	_	_	@smg1971-word#@smg1971#909.315#909.695
305	не	не	PART	_	_	_	_	_	@smg1971-word#@smg1971#909.695#910.075
306	получает	получать	VERB	_	Aspect=Imp|Mood=Ind|Number=Sing|Person=3|Tense=Pres|VerbForm=Fin|Voice=Act	_	_	_	@smg1971-word#@smg1971#910.075#910.455
307	стипендию	стипендия	NOUN	_	Animacy=Inan|Case=Acc|Gender=Fem|Number=Sing	_	_	_	@smg1971-word#@smg1971#910.455#910.835
308	то	то	PRON	_	Animacy=Inan|Case=Nom|Gender=Neut|Number=Sing	_	_	_	@smg1971-word#@smg1971#911.6#911.99
309	может	мочь	VERB	_	Aspect=Imp|Mood=Ind|Number=Sing|Person=3|Tense=Pres|VerbForm=Fin|Voice=Act	_	_	_	@smg1971-word#@smg1971#912.05#912.286
310	оказаться	оказаться	VERB	_	Aspect=Perf|VerbForm=Inf|Voice=Mid	_	_	_	@smg1971-word#@smg1971#912.286#912.522
311	так	так	ADV	_	Degree=Pos	_	_	_	@smg1971-word#@smg1971#912.522#912.758
312	что	что	SCONJ	_	_	_	_	_	@smg1971-word#@smg1971#912.758#912.994
313	вам	вы	PRON	_	Case=Dat|Number=Plur|Person=2	_	_	_	@smg1971-word#@smg1971#912.994#913.23
314	просто	просто	PART	_	_	_	_	_	@smg1971-word#@smg1971#913.23#913.466
315	не	не	PART	_	_	_	_	_	@smg1971-word#@smg1971#913.466#913.702
316	по	по	ADP	_	_	_	_	_	@smg1971-word#@smg1971#913.702#913.938
317	карману	карман	NOUN	_	Animacy=Inan|Case=Dat|Gender=Masc|Number=Sing	_	_	_	@smg1971-word#@smg1971#913.938#914.18
318	американский	американский	ADJ	_	Case=Nom|Degree=Pos|Gender=Masc|Number=Sing	_	_	_	@smg1971-word#@smg1971#914.32#914.9
319	университет	университет	NOUN	_	Animacy=Inan|Case=Nom|Gender=Masc|Number=Sing	_	_	_	@smg1971-word#@smg1971#914.9#915.48
320	есть	быть	AUX	_	Aspect=Imp|Mood=Ind|Number=Sing|Person=3|Tense=Pres|VerbForm=Fin|Voice=Act	_	_	_	@smg1971-word#@smg1971#917.55#917.75
321	эээ	эээ	NOUN	_	Animacy=Inan|Case=Nom|Gender=Neut|Number=Sing	_	_	_	@smg1971-word#@smg1971#917.935#918.405
322	вузы	вуз	NOUN	_	Animacy=Inan|Case=Nom|Gender=Masc|Number=Plur	_	_	_	@smg1971-word#@smg1971#918.485#918.738
323	в	в	ADP	_	_	_	_	_	@smg1971-word#@smg1971#918.738#918.991
324	которых	который	PRON	_	Case=Loc	_	_	_	@smg1971-word#@smg1971#918.991#919.245
325	эээ	эээ	NOUN	_	Case=Gen|Degree=Pos|Gender=Fem|Number=Sing	_	_	_	@smg1971-word#@smg1971#919.42#919.71
326	обучение	обучение	NOUN	_	Animacy=Inan|Case=Nom|Gender=Neut|Number=Sing	_	_	_	@smg1971-word#@smg1971#919.86#920.258
327	плюс	плюс	ADP	_	_	_	_	_	@smg1971-word#@smg1971#920.258#920.656
328	проживание	проживание	NOUN	_	Animacy=Inan|Case=Acc|Gender=Neut|Number=Sing	_	_	_	@smg1971-word#@smg1971#920.656#921.054
329	стоит	стоить	VERB	_	Aspect=Imp|Mood=Ind|Number=Sing|Person=3|Tense=Pres|VerbForm=Fin|Voice=Act	_	_	_	@smg1971-word#@smg1971#921.054#921.452
330	восемьдесят	восемьдесят	NUM	_	Case=Nom	_	_	_	@smg1971-word#@smg1971#921.452#921.85
331	тысяч	тысяча	NOUN	_	Animacy=Inan|Case=Gen|Gender=Fem|Number=Plur	_	_	_	@smg1971-word#@smg1971#921.85#922.248
332	гол-долларов	гол-доллар	NOUN	_	Animacy=Inan|Case=Gen|Gender=Masc|Number=Plur	_	_	_	@smg1971-word#@smg1971#922.248#922.646
333	в	в	ADP	_	_	_	_	_	@smg1971-word#@smg1971#922.646#923.044
334	год	год	NOUN	_	Animacy=Inan|Case=Acc|Gender=Masc|Number=Sing	_	_	_	@smg1971-word#@smg1971#923.044#923.45
335	и	и	CCONJ	_	_	_	_	_	@smg1971-word#@smg1971#923.615#923.936
336	соответственно	соответственно	ADV	_	Degree=Pos	_	_	_	@smg1971-word#@smg1971#923.936#924.257
337	четыре	четыре	NUM	_	Animacy=Inan|Case=Acc	_	_	_	@smg1971-word#@smg1971#924.257#924.578
338	года	год	NOUN	_	Animacy=Inan|Case=Gen|Gender=Masc|Number=Sing	_	_	_	@smg1971-word#@smg1971#924.578#924.899
339	это	это	PRON	_	Animacy=Inan|Case=Nom|Gender=Neut|Number=Sing	_	_	_	@smg1971-word#@smg1971#924.899#925.22
340	становится	становиться	VERB	_	Aspect=Imp|Mood=Ind|Number=Sing|Person=3|Tense=Pres|VerbForm=Fin|Voice=Mid	_	_	_	@smg1971-word#@smg1971#925.22#925.545
341	большой	большой	ADJ	_	Case=Ins|Degree=Pos|Gender=Fem|Number=Sing	_	_	_	@smg1971-word#@smg1971#925.825#926.208
342	неподъемной	неподъемный	ADJ	_	Case=Ins|Degree=Pos|Gender=Fem|Number=Sing	_	_	_	@smg1971-word#@smg1971#926.208#926.591
343	суммой	сумма	NOUN	_	Animacy=Inan|Case=Ins|Gender=Fem|Number=Sing	_	_	_	@smg1971-word#@smg1971#926.591#926.975
344	Американский	американский	ADJ	_	Case=Nom|Degree=Pos|Gender=Masc|Number=Sing	_	_	_	@smg1971-word#@smg1971#930.895#931.225
345	Кэмбридж	Кэмбридж	PROPN	_	Animacy=Inan|Case=Nom|Gender=Masc|Number=Sing	_	_	_	@smg1971-word#@smg1971#931.225#931.555
346	Гарвард	Гарвард	PROPN	_	Animacy=Inan|Case=Nom|Gender=Masc|Number=Sing	_	_	_	@smg1971-word#@smg1971#931.555#931.885
347	стоит	стоить	VERB	_	Aspect=Imp|Mood=Ind|Number=Sing|Person=3|Tense=Pres|VerbForm=Fin|Voice=Act	_	_	_	@smg1971-word#@smg1971#931.885#932.215
348	ну	ну	PART	_	_	_	_	_	@smg1971-word#@smg1971#932.215#932.545
349	вот	вот	PART	_	_	_	_	_	@smg1971-word#@smg1971#932.545#932.875
350	наверное	наверное	ADV	_	Degree=Pos	_	_	_	@smg1971-word#@smg1971#932.875#933.205
351	с	с	ADP	_	_	_	_	_	@smg1971-word#@smg1971#933.63#934.045
352	учетом	учет	NOUN	_	Animacy=Inan|Case=Ins|Gender=Masc|Number=Sing	_	_	_	@smg1971-word#@smg1971#934.045#934.46
353	проживания	проживание	NOUN	_	Animacy=Inan|Case=Gen|Gender=Neut|Number=Sing	_	_	_	@smg1971-word#@smg1971#934.46#934.875
354	там	там	ADV	_	Degree=Pos	_	_	_	@smg1971-word#@smg1971#935.385#935.633
355	наверно	наверно	ADV	_	Degree=Pos	_	_	_	@smg1971-word#@smg1971#935.633#935.881
356	есть	быть	VERB	_	Aspect=Imp|Mood=Ind|Number=Plur|Person=3|Tense=Pres|VerbForm=Fin|Voice=Act	_	_	_	@smg1971-word#@smg1971#935.881#936.129
357	разные	разный	ADJ	_	Case=Nom|Degree=Pos|Number=Plur	_	_	_	@smg1971-word#@smg1971#936.129#936.377
358	программы	программа	NOUN	_	Animacy=Inan|Case=Nom|Gender=Fem|Number=Plur	_	_	_	@smg1971-word#@smg1971#936.377#936.625
359	но	но	CCONJ	_	_	_	_	_	@smg1971-word#@smg1971#936.625#936.873
360	вот	вот	PART	_	_	_	_	_	@smg1971-word#@smg1971#936.873#937.121
361	такие	такой	DET	_	Case=Nom|Number=Plur	_	_	_	@smg1971-word#@smg1971#937.121#937.369
362	такого	такой	DET	_	Case=Gen|Gender=Masc|Number=Sing	_	_	_	@smg1971-word#@smg1971#937.369#937.617
363	рода	род	NOUN	_	Animacy=Inan|Case=Gen|Gender=Masc|Number=Sing	_	_	_	@smg1971-word#@smg1971#937.617#937.865
364	суммы	сумма	NOUN	_	Animacy=Inan|Case=Nom|Gender=Fem|Number=Plur	_	_	_	@smg1971-word#@smg1971#937.865#938.115
365	да	да	PART	_	_	_	_	_	@smg1971-word#@smg1971#953.81#954.03
366	безусловно	безусловно	ADV	_	Degree=Pos	_	_	_	@smg1971-word#@smg1971#954.115#954.482
367	если	если	SCONJ	_	_	_	_	_	@smg1971-word#@smg1971#954.482#954.849
368	вы	вы	PRON	_	Case=Nom|Number=Plur|Person=2	_	_	_	@smg1971-word#@smg1971#954.849#955.216
369	закончили	закончить	VERB	_	Aspect=Perf|Mood=Ind|Number=Plur|Tense=Past|VerbForm=Fin|Voice=Act	_	_	_	@smg1971-word#@smg1971#955.216#955.583
370	американский	американский	ADJ	_	Animacy=Inan|Case=Acc|Degree=Pos|Gender=Masc|Number=Sing	_	_	_	@smg1971-word#@smg1971#955.583#955.95
371	университет	университет	NOUN	_	Animacy=Inan|Case=Acc|Gender=Masc|Number=Sing	_	_	_	@smg1971-word#@smg1971#955.95#956.317
372	вы	вы	PRON	_	Case=Nom|Number=Plur|Person=2	_	_	_	@smg1971-word#@smg1971#956.317#956.685
373	э	эра	INTJ	_	_	_	_	_	@smg1971-word#@smg1971#957.215#957.487
374	в	в	ADP	_	_	_	_	_	@smg1971-word#@smg1971#957.487#957.759
375	этом	этот	DET	_	Case=Loc|Gender=Masc|Number=Sing	_	_	_	@smg1971-word#@smg1971#957.759#958.031
376	мире	мир	NOUN	_	Animacy=Inan|Case=Loc|Gender=Masc|Number=Sing	_	_	_	@smg1971-word#@smg1971#958.031#958.305
377	являетесь	являться	VERB	_	Aspect=Imp|Mood=Ind|Number=Plur|Person=2|Tense=Pres|VerbForm=Fin|Voice=Mid	_	_	_	@smg1971-word#@smg1971#959.005#959.368
378	человеком	человек	NOUN	_	Animacy=Anim|Case=Ins|Gender=Masc|Number=Sing	_	_	_	@smg1971-word#@smg1971#959.368#959.731
379	которому	который	PRON	_	Case=Dat	_	_	_	@smg1971-word#@smg1971#959.731#960.094
380	открыты	открыть	VERB	_	Aspect=Perf|Number=Plur|Tense=Past|Variant=Short|VerbForm=Part|Voice=Pass	_	_	_	@smg1971-word#@smg1971#960.094#960.457
381	все	весь	DET	_	Case=Nom|Number=Plur	_	_	_	@smg1971-word#@smg1971#960.457#960.82
382	дороги	дорога	NOUN	_	Animacy=Inan|Case=Nom|Gender=Fem|Number=Plur	_	_	_	@smg1971-word#@smg1971#960.82#961.185
383	Вы	вы	PRON	_	Case=Nom|Number=Plur|Person=2	_	_	_	@smg1971-word#@smg1971#972.725#973.006
384	знаете	знать	VERB	_	Aspect=Imp|Mood=Ind|Number=Plur|Person=2|Tense=Pres|VerbForm=Fin|Voice=Act	_	_	_	@smg1971-word#@smg1971#973.006#973.287
385	да	да	PART	_	_	_	_	_	@smg1971-word#@smg1971#973.287#973.568
386	на	на	ADP	_	_	_	_	_	@smg1971-word#@smg1971#973.568#973.849
387	самом	самый	ADJ	_	Case=Loc|Degree=Pos|Gender=Neut|Number=Sing	_	_	_	@smg1971-word#@smg1971#973.849#974.13
388	деле	дело	NOUN	_	Animacy=Inan|Case=Loc|Gender=Neut|Number=Sing	_	_	_	@smg1971-word#@smg1971#974.13#974.415
389	все	весь	DET	_	Case=Nom|Gender=Neut|Number=Sing	_	_	_	@smg1971-word#@smg1971#975.295#975.522
390	это	это	PRON	_	Animacy=Inan|Case=Nom|Gender=Neut|Number=Sing	_	_	_	@smg1971-word#@smg1971#975.522#975.749
391	было	быть	AUX	_	Aspect=Imp|Gender=Neut|Mood=Ind|Number=Sing|Tense=Past|VerbForm=Fin|Voice=Act	_	_	_	@smg1971-word#@smg1971#975.749#975.976
392	немножко	немножко	ADV	_	Degree=Pos	_	_	_	@smg1971-word#@smg1971#975.976#976.203
393	как	как	SCONJ	_	_	_	_	_	@smg1971-word#@smg1971#976.203#976.43
394	в	в	ADP	_	_	_	_	_	@smg1971-word#@smg1971#976.43#976.657
395	кино	кино	NOUN	_	Animacy=Inan|Case=Loc|Gender=Neut|Number=Sing	_	_	_	@smg1971-word#@smg1971#976.657#976.885
396	история	история	NOUN	_	Animacy=Inan|Case=Nom|Gender=Fem|Number=Sing	_	_	_	@smg1971-word#@smg1971#977.845#978.185
397	была	быть	AUX	_	Aspect=Imp|Gender=Fem|Mood=Ind|Number=Sing|Tense=Past|VerbForm=Fin|Voice=Act	_	_	_	@smg1971-word#@smg1971#978.185#978.525
398	такая	такой	DET	_	Case=Nom|Gender=Fem|Number=Sing	_	_	_	@smg1971-word#@smg1971#978.525#978.865
399	что	что	SCONJ	_	_	_	_	_	@smg1971-word#@smg1971#978.865#979.205
400	мои	мой	DET	_	Case=Nom|Number=Plur	_	_	_	@smg1971-word#@smg1971#979.52#979.92
401	дети	ребенок	NOUN	_	Animacy=Anim|Case=Nom|Gender=Masc|Number=Plur	_	_	_	@smg1971-word#@smg1971#979.92#980.32
402	поехали	поехать	VERB	_	Aspect=Perf|Mood=Ind|Number=Plur|Tense=Past|VerbForm=Fin|Voice=Act	_	_	_	@smg1971-word#@smg1971#980.32#980.72
403	с	с	ADP	_	_	_	_	_	@smg1971-word#@smg1971#980.72#981.12
404	моими	мой	DET	_	Case=Ins|Number=Plur	_	_	_	@smg1971-word#@smg1971#981.12#981.52
405	родителями	родитель	NOUN	_	Animacy=Anim|Case=Ins|Gender=Masc|Number=Plur	_	_	_	@smg1971-word#@smg1971#981.52#981.92
406	на	на	ADP	_	_	_	_	_	@smg1971-word#@smg1971#983.205#983.53
407	каникулы	каникулы	NOUN	_	Animacy=Inan|Case=Acc|Gender=Fem|Number=Plur	_	_	_	@smg1971-word#@smg1971#983.53#983.855
408	отдыхать	отдыхать	VERB	_	Aspect=Imp|VerbForm=Inf|Voice=Act	_	_	_	@smg1971-word#@smg1971#983.855#984.18
409	а	о	CCONJ	_	_	_	_	_	@smg1971-word#@smg1971#984.18#984.505
410	моя	мой	DET	_	Case=Nom|Gender=Fem|Number=Sing	_	_	_	@smg1971-word#@smg1971#984.505#984.83
411	жена	жена	NOUN	_	Animacy=Anim|Case=Nom|Gender=Fem|Number=Sing	_	_	_	@smg1971-word#@smg1971#984.83#985.155
412	приехала	приехать	VERB	_	Aspect=Perf|Gender=Fem|Mood=Ind|Number=Sing|Tense=Past|VerbForm=Fin|Voice=Act	_	_	_	@smg1971-word#@smg1971#985.155#985.485
413	ко	к	ADP	_	_	_	_	_	@smg1971-word#@smg1971#985.66#985.9
414	мне	я	PRON	_	Case=Dat|Number=Sing|Person=1	_	_	_	@smg1971-word#@smg1971#985.9#986.14
415	в	в	ADP	_	_	_	_	_	@smg1971-word#@smg1971#986.14#986.38
416	Москву	Москва	PROPN	_	Animacy=Inan|Case=Acc|Gender=Fem|Number=Sing	_	_	_	@smg1971-word#@smg1971#986.38#986.62
417	это	это	PRON	_	Animacy=Inan|Case=Nom|Gender=Neut|Number=Sing	_	_	_	@smg1971-word#@smg1971#987.185#987.58
418	было	быть	VERB	_	Aspect=Imp|Gender=Neut|Mood=Ind|Number=Sing|Tense=Past|VerbForm=Fin|Voice=Act	_	_	_	@smg1971-word#@smg1971#987.58#987.975
419	тридцатое	тридцатый	ADJ	_	Case=Nom|Degree=Pos|Gender=Neut|Number=Sing	_	_	_	@smg1971-word#@smg1971#987.975#988.37
420	апреля	апрель	NOUN	_	Animacy=Inan|Case=Gen|Gender=Masc|Number=Sing	_	_	_	@smg1971-word#@smg1971#988.37#988.765
421	и	и	CCONJ	_	_	_	_	_	@smg1971-word#@smg1971#989.0#989.236
422	она	она	PRON	_	Case=Nom|Gender=Fem|Number=Sing|Person=3	_	_	_	@smg1971-word#@smg1971#989.236#989.472
423	приехала	приехать	VERB	_	Aspect=Perf|Gender=Fem|Mood=Ind|Number=Sing|Tense=Past|VerbForm=Fin|Voice=Act	_	_	_	@smg1971-word#@smg1971#989.472#989.708
424	на	на	ADP	_	_	_	_	_	@smg1971-word#@smg1971#989.708#989.944
425	майские	майский	ADJ	_	Animacy=Inan|Case=Acc|Degree=Pos|Number=Plur	_	_	_	@smg1971-word#@smg1971#989.944#990.18
426	праздники	праздник	NOUN	_	Animacy=Inan|Case=Acc|Gender=Masc|Number=Plur	_	_	_	@smg1971-word#@smg1971#990.18#990.42
427	мы	мы	PRON	_	Case=Nom|Number=Plur|Person=1	_	_	_	@smg1971-word#@smg1971#990.785#991.133
428	собирались	собираться	VERB	_	Aspect=Imp|Mood=Ind|Number=Plur|Tense=Past|VerbForm=Fin|Voice=Mid	_	_	_	@smg1971-word#@smg1971#991.133#991.481
429	вместе	вместе	ADV	_	Degree=Pos	_	_	_	@smg1971-word#@smg1971#991.481#991.829
430	провести	провести	VERB	_	Aspect=Perf|VerbForm=Inf|Voice=Act	_	_	_	@smg1971-word#@smg1971#991.829#992.177
431	майские	майский	ADJ	_	Animacy=Inan|Case=Acc|Degree=Pos|Number=Plur	_	_	_	@smg1971-word#@smg1971#992.177#992.525
432	праздники	праздник	NOUN	_	Animacy=Inan|Case=Acc|Gender=Masc|Number=Plur	_	_	_	@smg1971-word#@smg1971#992.525#992.875
433	в	в	ADP	_	_	_	_	_	@smg1971-word#@smg1971#993.085#993.2
434	Москве	Москва	PROPN	_	Animacy=Inan|Case=Loc|Gender=Fem|Number=Sing	_	_	_	@smg1971-word#@smg1971#993.2#993.315
435	и	и	CCONJ	_	_	_	_	_	@smg1971-word#@smg1971#994.565#994.945
436	эээ	эээ	PROPN	_	Animacy=Inan|Case=Loc|Gender=Masc|Number=Sing	_	_	_	@smg1971-word#@smg1971#995.32#995.7
437	когда	когда	SCONJ	_	_	_	_	_	@smg1971-word#@smg1971#996.12#996.402
438	я	я	PRON	_	Case=Nom|Number=Sing|Person=1	_	_	_	@smg1971-word#@smg1971#996.402#996.684
439	в	в	ADP	_	_	_	_	_	@smg1971-word#@smg1971#996.684#996.966
440	последний	последний	ADJ	_	Animacy=Inan|Case=Acc|Degree=Pos|Gender=Masc|Number=Sing	_	_	_	@smg1971-word#@smg1971#996.966#997.248
441	раз	раз	NOUN	_	Animacy=Inan|Case=Acc|Gender=Masc|Number=Sing	_	_	_	@smg1971-word#@smg1971#997.248#997.53
442	поехал	поехать	VERB	_	Aspect=Perf|Gender=Masc|Mood=Ind|Number=Sing|Tense=Past|VerbForm=Fin|Voice=Act	_	_	_	@smg1971-word#@smg1971#997.53#997.812
443	в	в	ADP	_	_	_	_	_	@smg1971-word#@smg1971#997.812#998.094
444	Москву	Москва	PROPN	_	Animacy=Inan|Case=Acc|Gender=Fem|Number=Sing	_	_	_	@smg1971-word#@smg1971#998.094#998.38
445	уже	уже	ADV	_	Degree=Pos	_	_	_	@smg1971-word#@smg1971#998.755#999.125
446	тогда	тогда	ADV	_	Degree=Pos	_	_	_	@smg1971-word#@smg1971#999.125#999.495
447	было	быть	AUX	_	Aspect=Imp|Gender=Neut|Mood=Ind|Number=Sing|Tense=Past|VerbForm=Fin|Voice=Act	_	_	_	@smg1971-word#@smg1971#999.495#999.865
448	не	не	PART	_	_	_	_	_	@smg1971-word#@smg1971#999.865#1000.235
449	очевидно	очевидно	ADJ	_	Degree=Pos|Gender=Neut|Number=Sing|Variant=Short	_	_	_	@smg1971-word#@smg1971#1000.235#1000.605
450	что	что	SCONJ	_	_	_	_	_	@smg1971-word#@smg1971#1000.785#1001.015
451	мне	я	PRON	_	Case=Dat|Number=Sing|Person=1	_	_	_	@smg1971-word#@smg1971#1001.015#1001.245
452	стоит	стоять	VERB	_	Aspect=Imp|Mood=Ind|Number=Sing|Person=3|Tense=Pres|VerbForm=Fin|Voice=Act	_	_	_	@smg1971-word#@smg1971#1001.245#1001.475
453	эээ	эээ	NOUN	_	Animacy=Inan|Case=Nom|Gender=Neut|Number=Sing	_	_	_	@smg1971-word#@smg1971#1001.475#1001.705
454	возвращаться	возвращаться	VERB	_	Aspect=Imp|VerbForm=Inf|Voice=Mid	_	_	_	@smg1971-word#@smg1971#1002.16#1002.5
455	в	в	ADP	_	_	_	_	_	@smg1971-word#@smg1971#1002.5#1002.84
456	Москву	Москва	PROPN	_	Animacy=Inan|Case=Acc|Gender=Fem|Number=Sing	_	_	_	@smg1971-word#@smg1971#1002.84#1003.18
457	и	и	CCONJ	_	_	_	_	_	@smg1971-word#@smg1971#1003.545#1003.718
458	моя	мой	DET	_	Case=Nom|Gender=Fem|Number=Sing	_	_	_	@smg1971-word#@smg1971#1003.718#1003.891
459	жена	жена	NOUN	_	Animacy=Anim|Case=Nom|Gender=Fem|Number=Sing	_	_	_	@smg1971-word#@smg1971#1003.891#1004.065
460	попросила	просить	VERB	_	Aspect=Perf|Gender=Fem|Mood=Ind|Number=Sing|Tense=Past|VerbForm=Fin|Voice=Act	_	_	_	@smg1971-word#@smg1971#1004.55#1005.18
461	коммуницировать	коммуницировать	VERB	_	Aspect=Imp|VerbForm=Inf|Voice=Act	_	_	_	@smg1971-word#@smg1971#1005.615#1005.923
462	с	с	ADP	_	_	_	_	_	@smg1971-word#@smg1971#1005.923#1006.231
463	ней	она	PRON	_	Case=Ins|Gender=Fem|Number=Sing|Person=3	_	_	_	@smg1971-word#@smg1971#1006.231#1006.539
464	какими	какой	DET	_	Case=Ins|Number=Plur	_	_	_	@smg1971-word#@smg1971#1006.539#1006.847
465	то	то	SCONJ	_	_	_	_	_	@smg1971-word#@smg1971#1006.847#1007.155
466	кодами	код	NOUN	_	Animacy=Inan|Case=Ins|Gender=Masc|Number=Plur	_	_	_	@smg1971-word#@smg1971#1007.155#1007.465
467	вот	вот	PART	_	_	_	_	_	@smg1971-word#@smg1971#1008.43#1008.7
468	и	и	PART	_	_	_	_	_	@smg1971-word#@smg1971#1008.95#1009.205
469	выяснилось	выясниться	VERB	_	Aspect=Perf|Gender=Neut|Mood=Ind|Number=Sing|Tense=Past|VerbForm=Fin|Voice=Mid	_	_	_	@smg1971-word#@smg1971#1009.205#1009.46
470	что	что	SCONJ	_	_	_	_	_	@smg1971-word#@smg1971#1009.46#1009.715
471	мы	мы	PRON	_	Case=Nom|Number=Plur|Person=1	_	_	_	@smg1971-word#@smg1971#1009.715#1009.97
472	не	не	PART	_	_	_	_	_	@smg1971-word#@smg1971#1009.97#1010.225
473	смогли	мочь	VERB	_	Aspect=Perf|Mood=Ind|Number=Plur|Tense=Past|VerbForm=Fin|Voice=Act	_	_	_	@smg1971-word#@smg1971#1010.225#1010.48
474	договорится	договориться	VERB	_	Aspect=Imp|Mood=Ind|Number=Sing|Person=3|Tense=Pres|VerbForm=Fin|Voice=Pass	_	_	_	@smg1971-word#@smg1971#1010.48#1010.735
475	об	о	ADP	_	_	_	_	_	@smg1971-word#@smg1971#1010.735#1010.99
476	этих	этот	DET	_	Case=Loc|Number=Plur	_	_	_	@smg1971-word#@smg1971#1010.99#1011.245
477	кодах	код	NOUN	_	Animacy=Inan|Case=Loc|Gender=Masc|Number=Plur	_	_	_	@smg1971-word#@smg1971#1011.245#1011.5
478	то	то	PRON	_	Animacy=Inan|Case=Nom|Gender=Neut|Number=Sing	_	_	_	@smg1971-word#@smg1971#1011.5#1011.755
479	есть	быть	VERB	_	Aspect=Imp|Mood=Ind|Number=Sing|Person=3|Tense=Pres|VerbForm=Fin|Voice=Act	_	_	_	@smg1971-word#@smg1971#1011.755#1012.01
480	я	я	PRON	_	Case=Nom|Number=Sing|Person=1	_	_	_	@smg1971-word#@smg1971#1012.01#1012.265
481	ей	она	PRON	_	Case=Dat|Gender=Fem|Number=Sing|Person=3	_	_	_	@smg1971-word#@smg1971#1012.265#1012.52
482	послал	послать	VERB	_	Aspect=Perf|Gender=Masc|Mood=Ind|Number=Sing|Tense=Past|VerbForm=Fin|Voice=Act	_	_	_	@smg1971-word#@smg1971#1012.52#1012.775
483	какие	какой	DET	_	Case=Acc|Number=Plur	_	_	_	@smg1971-word#@smg1971#1012.775#1013.03
484	то	то	SCONJ	_	_	_	_	_	@smg1971-word#@smg1971#1013.03#1013.29
485	зашифрованные	зашифровать	VERB	_	Aspect=Perf|Case=Nom|Number=Plur|Tense=Past|VerbForm=Part|Voice=Pass	_	_	_	@smg1971-word#@smg1971#1013.615#1014.275
486	тексты	текст	NOUN	_	Animacy=Inan|Case=Nom|Gender=Masc|Number=Plur	_	_	_	@smg1971-word#@smg1971#1014.275#1014.935
487	и	и	CCONJ	_	_	_	_	_	@smg1971-word#@smg1971#1015.18#1015.441
488	она	она	PRON	_	Case=Nom|Gender=Fem|Number=Sing|Person=3	_	_	_	@smg1971-word#@smg1971#1015.441#1015.702
489	их	они	PRON	_	Case=Acc|Number=Plur|Person=3	_	_	_	@smg1971-word#@smg1971#1015.702#1015.963
490	интерпритировала	интерпритировать	VERB	_	Aspect=Imp|Gender=Fem|Mood=Ind|Number=Sing|Tense=Past|VerbForm=Fin|Voice=Act	_	_	_	@smg1971-word#@smg1971#1015.963#1016.224
491	не	не	PART	_	_	_	_	_	@smg1971-word#@smg1971#1016.224#1016.485
492	так	так	ADV	_	Degree=Pos	_	_	_	@smg1971-word#@smg1971#1016.485#1016.75
493	как	как	SCONJ	_	_	_	_	_	@smg1971-word#@smg1971#1017.42#1017.82
494	эээ	эээ	NOUN	_	Animacy=Inan|Case=Nom|Gender=Neut|Number=Sing	_	_	_	@smg1971-word#@smg1971#1017.82#1018.22
495	я	я	PRON	_	Case=Nom|Number=Sing|Person=1	_	_	_	@smg1971-word#@smg1971#1018.305#1018.59
496	хотел	хотеть	VERB	_	Aspect=Imp|Gender=Masc|Mood=Ind|Number=Sing|Tense=Past|VerbForm=Fin|Voice=Act	_	_	_	@smg1971-word#@smg1971#1018.59#1018.875
497	чтобы	чтобы	SCONJ	_	Mood=Cnd	_	_	_	@smg1971-word#@smg1971#1018.875#1019.16
498	она	она	PRON	_	Case=Nom|Gender=Fem|Number=Sing|Person=3	_	_	_	@smg1971-word#@smg1971#1019.16#1019.445
499	их	они	PRON	_	Case=Acc|Number=Plur|Person=3	_	_	_	@smg1971-word#@smg1971#1019.445#1019.73
500	интерпритировала	интерпритировать	VERB	_	Aspect=Imp|Gender=Fem|Mood=Ind|Number=Sing|Tense=Past|VerbForm=Fin|Voice=Act	_	_	_	@smg1971-word#@smg1971#1019.73#1020.02
501	поэтому	поэтому	ADV	_	Degree=Pos	_	_	_	@smg1971-word#@smg1971#1020.33#1020.685
502	когда	когда	SCONJ	_	_	_	_	_	@smg1971-word#@smg1971#1020.685#1021.04
503	я	я	PRON	_	Case=Nom|Number=Sing|Person=1	_	_	_	@smg1971-word#@smg1971#1021.54#1021.928
504	приехал	приехать	VERB	_	Aspect=Perf|Gender=Masc|Mood=Ind|Number=Sing|Tense=Past|VerbForm=Fin|Voice=Act	_	_	_	@smg1971-word#@smg1971#1021.928#1022.316
505	аэропорт	аэропорт	NOUN	_	Animacy=Inan|Case=Acc|Gender=Masc|Number=Sing	_	_	_	@smg1971-word#@smg1971#1022.316#1022.704
506	ее	она	PRON	_	Case=Acc|Gender=Fem|Number=Sing|Person=3	_	_	_	@smg1971-word#@smg1971#1022.704#1023.092
507	встречать	встречать	VERB	_	Aspect=Imp|VerbForm=Inf|Voice=Act	_	_	_	@smg1971-word#@smg1971#1023.092#1023.48
508	я	я	PRON	_	Case=Nom|Number=Sing|Person=1	_	_	_	@smg1971-word#@smg1971#1023.655#1023.856
509	искал	искать	VERB	_	Aspect=Imp|Gender=Masc|Mood=Ind|Number=Sing|Tense=Past|VerbForm=Fin|Voice=Act	_	_	_	@smg1971-word#@smg1971#1023.856#1024.057
510	ты	ты	PRON	_	Case=Nom|Number=Sing|Person=2	_	_	_	@smg1971-word#@smg1971#1024.057#1024.258
511	знаешь	знать	VERB	_	Aspect=Imp|Mood=Ind|Number=Sing|Person=2|Tense=Pres|VerbForm=Fin|Voice=Act	_	_	_	@smg1971-word#@smg1971#1024.258#1024.459
512	вот	вот	PART	_	_	_	_	_	@smg1971-word#@smg1971#1024.459#1024.66
513	я	я	PRON	_	Case=Nom|Number=Sing|Person=1	_	_	_	@smg1971-word#@smg1971#1025.41#1025.722
514	тебя	ты	PRON	_	Case=Acc|Number=Sing|Person=2	_	_	_	@smg1971-word#@smg1971#1025.722#1026.034
515	встречаю	встречать	VERB	_	Aspect=Imp|Mood=Ind|Number=Sing|Person=1|Tense=Pres|VerbForm=Fin|Voice=Act	_	_	_	@smg1971-word#@smg1971#1026.034#1026.346
516	а	а	CCONJ	_	_	_	_	_	@smg1971-word#@smg1971#1026.346#1026.658
517	через	через	ADP	_	_	_	_	_	@smg1971-word#@smg1971#1026.658#1026.97
518	2	2	NUM	_	_	_	_	_	@smg1971-word#@smg1971#1026.97#1027.282
519	часа	час	NOUN	_	Animacy=Inan|Case=Gen|Gender=Masc|Number=Sing	_	_	_	@smg1971-word#@smg1971#1027.282#1027.594
520	я	я	PRON	_	Case=Nom|Number=Sing|Person=1	_	_	_	@smg1971-word#@smg1971#1027.594#1027.906
521	уезжаю	уезжать	VERB	_	Aspect=Imp|Mood=Ind|Number=Sing|Person=1|Tense=Pres|VerbForm=Fin|Voice=Act	_	_	_	@smg1971-word#@smg1971#1027.906#1028.218
522	в-из	в-из	ADP	_	_	_	_	_	@smg1971-word#@smg1971#1028.218#1028.53
523	Москвы	Москва	PROPN	_	Animacy=Inan|Case=Gen|Gender=Fem|Number=Sing	_	_	_	@smg1971-word#@smg1971#1028.53#1028.842
524	навсегда	навсегда	ADV	_	Degree=Pos	_	_	_	@smg1971-word#@smg1971#1028.842#1029.165
525	это	это	PRON	_	Animacy=Inan|Case=Nom|Gender=Neut|Number=Sing	_	_	_	@smg1971-word#@smg1971#1029.66#1030.072
526	выглядело	выглядеть	VERB	_	Aspect=Imp|Gender=Neut|Mood=Ind|Number=Sing|Tense=Past|VerbForm=Fin|Voice=Act	_	_	_	@smg1971-word#@smg1971#1030.072#1030.484
527	немножко	немножко	ADV	_	Degree=Pos	_	_	_	@smg1971-word#@smg1971#1030.484#1030.896
528	слишком	слишком	ADV	_	Degree=Pos	_	_	_	@smg1971-word#@smg1971#1030.896#1031.308
529	драмматично	драмматично	ADV	_	Degree=Pos	_	_	_	@smg1971-word#@smg1971#1031.308#1031.72
530	то	то	PRON	_	Animacy=Inan|Case=Nom|Gender=Neut|Number=Sing	_	_	_	@smg1971-word#@smg1971#1031.785#1031.972
531	есть	быть	VERB	_	Aspect=Imp|Mood=Ind|Number=Sing|Person=3|Tense=Pres|VerbForm=Fin|Voice=Act	_	_	_	@smg1971-word#@smg1971#1031.972#1032.159
532	она	она	PRON	_	Case=Nom|Gender=Fem|Number=Sing|Person=3	_	_	_	@smg1971-word#@smg1971#1032.159#1032.346
533	не	не	PART	_	_	_	_	_	@smg1971-word#@smg1971#1032.346#1032.533
534	имела	иметь	VERB	_	Aspect=Imp|Gender=Fem|Mood=Ind|Number=Sing|Tense=Past|VerbForm=Fin|Voice=Act	_	_	_	@smg1971-word#@smg1971#1032.533#1032.72
535	об	о	ADP	_	_	_	_	_	@smg1971-word#@smg1971#1032.72#1032.907
536	этом	этот	PRON	_	Animacy=Inan|Case=Loc|Gender=Neut|Number=Sing	_	_	_	@smg1971-word#@smg1971#1032.907#1033.094
537	представления	представление	NOUN	_	Animacy=Inan|Case=Acc|Gender=Neut|Number=Plur	_	_	_	@smg1971-word#@smg1971#1033.094#1033.281
538	мы	мы	PRON	_	Case=Nom|Number=Plur|Person=1	_	_	_	@smg1971-word#@smg1971#1033.281#1033.468
539	провели	провести	VERB	_	Aspect=Perf|Mood=Ind|Number=Plur|Tense=Past|VerbForm=Fin|Voice=Act	_	_	_	@smg1971-word#@smg1971#1033.468#1033.655
540	с	с	ADP	_	_	_	_	_	@smg1971-word#@smg1971#1033.655#1033.842
541	ней	она	PRON	_	Case=Ins|Gender=Fem|Number=Sing|Person=3	_	_	_	@smg1971-word#@smg1971#1033.842#1034.035
542	пару	пара	NOUN	_	Animacy=Inan|Case=Acc|Gender=Fem|Number=Sing	_	_	_	@smg1971-word#@smg1971#1034.445#1034.765
543	часов	час	NOUN	_	Animacy=Inan|Case=Gen|Gender=Masc|Number=Plur	_	_	_	@smg1971-word#@smg1971#1034.765#1035.085
544	в	в	ADP	_	_	_	_	_	@smg1971-word#@smg1971#1035.17#1035.58
545	кафе	кафе	NOUN	_	Animacy=Inan|Case=Loc|Gender=Neut|Number=Sing	_	_	_	@smg1971-word#@smg1971#1036.11#1036.58
546	в	в	ADP	_	_	_	_	_	@smg1971-word#@smg1971#1036.75#1037.11
547	аэропорту	аэропорт	NOUN	_	Animacy=Inan|Case=Loc|Gender=Masc|Number=Sing	_	_	_	@smg1971-word#@smg1971#1037.11#1037.47
548	обсудили	обсудить	VERB	_	Aspect=Perf|Mood=Ind|Number=Plur|Tense=Past|VerbForm=Fin|Voice=Act	_	_	_	@smg1971-word#@smg1971#1037.58#1038.25
549	всю	весь	DET	_	Case=Acc|Gender=Fem|Number=Sing	_	_	_	@smg1971-word#@smg1971#1038.9#1039.24
550	жизнь	жизнь	NOUN	_	Animacy=Inan|Case=Acc|Gender=Fem|Number=Sing	_	_	_	@smg1971-word#@smg1971#1039.24#1039.58
551	и	и	CCONJ	_	_	_	_	_	@smg1971-word#@smg1971#1039.58#1039.92
552	конечно	конечно	ADV	_	Degree=Pos	_	_	_	@smg1971-word#@smg1971#1039.92#1040.26
553	и	и	CCONJ	_	_	_	_	_	@smg1971-word#@smg1971#1040.345#1040.553
554	она	она	PRON	_	Case=Nom|Gender=Fem|Number=Sing|Person=3	_	_	_	@smg1971-word#@smg1971#1040.553#1040.761
555	и	и	CCONJ	_	_	_	_	_	@smg1971-word#@smg1971#1040.761#1040.969
556	я	я	PRON	_	Case=Nom|Number=Sing|Person=1	_	_	_	@smg1971-word#@smg1971#1040.969#1041.18
557	думали	думать	VERB	_	Aspect=Imp|Mood=Ind|Number=Plur|Tense=Past|VerbForm=Fin|Voice=Act	_	_	_	@smg1971-word#@smg1971#1041.49#1041.792
558	что	что	PRON	_	Case=Acc	_	_	_	@smg1971-word#@smg1971#1041.792#1042.094
559	делать	делать	VERB	_	Aspect=Imp|VerbForm=Inf|Voice=Act	_	_	_	@smg1971-word#@smg1971#1042.094#1042.396
560	если	если	SCONJ	_	_	_	_	_	@smg1971-word#@smg1971#1042.396#1042.698
561	меня	я	PRON	_	Case=Acc|Number=Sing|Person=1	_	_	_	@smg1971-word#@smg1971#1042.698#1043.0
562	не	не	PART	_	_	_	_	_	@smg1971-word#@smg1971#1043.0#1043.302
563	выпустят	выпустить	VERB	_	Aspect=Perf|Mood=Ind|Number=Plur|Person=3|Tense=Fut|VerbForm=Fin|Voice=Act	_	_	_	@smg1971-word#@smg1971#1043.302#1043.61
564	а	а	CCONJ	_	_	_	_	_	@smg1971-word#@smg1971#1043.93#1044.2
565	вы	вы	PRON	_	Case=Nom|Number=Plur|Person=2	_	_	_	@smg1971-word#@smg1971#1044.2#1044.47
566	знаете	знать	VERB	_	Aspect=Imp|Mood=Ind|Number=Plur|Person=2|Tense=Pres|VerbForm=Fin|Voice=Act	_	_	_	@smg1971-word#@smg1971#1044.47#1044.74
567	уже	уже	ADV	_	Degree=Pos	_	_	_	@smg1971-word#@smg1971#1044.74#1045.01
568	несколько	несколько	NUM	_	Animacy=Inan|Case=Acc	_	_	_	@smg1971-word#@smg1971#1045.01#1045.28
569	месяцев	месяц	NOUN	_	Animacy=Inan|Case=Gen|Gender=Masc|Number=Plur	_	_	_	@smg1971-word#@smg1971#1045.28#1045.55
570	до	до	ADP	_	_	_	_	_	@smg1971-word#@smg1971#1045.55#1045.82
571	этого	это	PRON	_	Animacy=Inan|Case=Gen|Gender=Neut|Number=Sing	_	_	_	@smg1971-word#@smg1971#1045.82#1046.09
572	и	и	CCONJ	_	_	_	_	_	@smg1971-word#@smg1971#1046.625#1046.815
573	она	она	PRON	_	Case=Nom|Gender=Fem|Number=Sing|Person=3	_	_	_	@smg1971-word#@smg1971#1046.815#1047.005
574	и	и	CCONJ	_	_	_	_	_	@smg1971-word#@smg1971#1047.005#1047.195
575	я	я	PRON	_	Case=Nom|Number=Sing|Person=1	_	_	_	@smg1971-word#@smg1971#1047.195#1047.385
576	эээ	эээ	INTJ	_	_	_	_	_	@smg1971-word#@smg1971#1047.76#1048.02
577	сталкивались	сталкиваться	VERB	_	Aspect=Imp|Mood=Ind|Number=Plur|Tense=Past|VerbForm=Fin|Voice=Mid	_	_	_	@smg1971-word#@smg1971#1048.325#1048.692
578	с	с	ADP	_	_	_	_	_	@smg1971-word#@smg1971#1048.692#1049.059
579	этим	этот	PRON	_	Animacy=Inan|Case=Ins|Gender=Neut|Number=Sing	_	_	_	@smg1971-word#@smg1971#1049.059#1049.426
580	самым	самый	ADJ	_	Case=Ins|Degree=Pos|Gender=Neut|Number=Sing	_	_	_	@smg1971-word#@smg1971#1049.426#1049.795
581	сторожек	сторожка	NOUN	_	Animacy=Anim|Case=Gen|Gender=Fem|Number=Plur	_	_	_	@smg1971-word#@smg1971#1050.565#1050.858
582	это	это	PRON	_	Animacy=Inan|Case=Nom|Gender=Neut|Number=Sing	_	_	_	@smg1971-word#@smg1971#1050.858#1051.151
583	называется	называться	VERB	_	Aspect=Imp|Mood=Ind|Number=Sing|Person=3|Tense=Pres|VerbForm=Fin|Voice=Mid	_	_	_	@smg1971-word#@smg1971#1051.151#1051.444
584	по	по	ADP	_	_	_	_	_	@smg1971-word#@smg1971#1051.444#1051.737
585	русски	русска	NOUN	_	Animacy=Inan|Case=Acc|Gender=Masc|Number=Plur	_	_	_	@smg1971-word#@smg1971#1051.737#1052.03
586	да	да	PART	_	_	_	_	_	@smg1971-word#@smg1971#1052.03#1052.323
587	?	?	PUNCT	_	_	_	_	_	@smg1971-word#@smg1971#1052.323#1052.616
588	какой	какой	DET	_	Case=Ins|Gender=Fem|Number=Sing	_	_	_	@smg1971-word#@smg1971#1052.616#1052.909
589	то	то	SCONJ	_	_	_	_	_	@smg1971-word#@smg1971#1052.909#1053.202
590	какая	какой	DET	_	Case=Nom|Gender=Fem|Number=Sing	_	_	_	@smg1971-word#@smg1971#1053.202#1053.495
591	то	тот	SCONJ	_	_	_	_	_	@smg1971-word#@smg1971#1053.495#1053.788
592	отметка	отметка	NOUN	_	Animacy=Inan|Case=Nom|Gender=Fem|Number=Sing	_	_	_	@smg1971-word#@smg1971#1053.788#1054.081
593	К	к	ADP	_	_	_	_	_	@smg1971-word#@smg1971#1054.081#1054.375
594	Флажок	флажок	NOUN	_	Animacy=Inan|Case=Gen|Gender=Fem|Number=Plur	_	_	_	@smg1971-word#@smg1971#1055.425#1055.935
595	да	да	PART	_	_	_	_	_	@smg1971-word#@smg1971#1056.155#1056.405
596	Это	это	PRON	_	Animacy=Inan|Case=Nom|Gender=Neut|Number=Sing	_	_	_	@smg1971-word#@smg1971#1056.815#1057.143
597	когда	когда	SCONJ	_	_	_	_	_	@smg1971-word#@smg1971#1057.143#1057.471
598	вы	вы	PRON	_	Case=Nom|Number=Plur|Person=2	_	_	_	@smg1971-word#@smg1971#1057.471#1057.799
599	прилетаете	прилетать	VERB	_	Aspect=Imp|Mood=Ind|Number=Plur|Person=2|Tense=Pres|VerbForm=Fin|Voice=Act	_	_	_	@smg1971-word#@smg1971#1057.799#1058.127
600	в	в	ADP	_	_	_	_	_	@smg1971-word#@smg1971#1058.127#1058.455
601	страну	страна	NOUN	_	Animacy=Inan|Case=Acc|Gender=Fem|Number=Sing	_	_	_	@smg1971-word#@smg1971#1058.455#1058.783
602	и	и	CCONJ	_	_	_	_	_	@smg1971-word#@smg1971#1058.783#1059.111
603	улетайте	улетать	VERB	_	Aspect=Imp|Mood=Imp|Number=Plur|Person=2|VerbForm=Fin|Voice=Act	_	_	_	@smg1971-word#@smg1971#1059.111#1059.439
604	из	из	ADP	_	_	_	_	_	@smg1971-word#@smg1971#1059.439#1059.767
605	странны	странный	NOUN	_	Animacy=Inan|Case=Gen|Gender=Fem|Number=Sing	_	_	_	@smg1971-word#@smg1971#1059.767#1060.095
606	пограничник	пограничник	NOUN	_	Animacy=Anim|Case=Nom|Gender=Masc|Number=Sing	_	_	_	@smg1971-word#@smg1971#1060.095#1060.425
607	вбивает	вбивать	VERB	_	Aspect=Imp|Mood=Ind|Number=Sing|Person=3|Tense=Pres|VerbForm=Fin|Voice=Act	_	_	_	@smg1971-word#@smg1971#1061.005#1061.392
608	данные	данные	NOUN	_	Animacy=Inan|Case=Acc|Number=Plur	_	_	_	@smg1971-word#@smg1971#1061.392#1061.779
609	вашего	ваш	DET	_	Case=Gen|Gender=Masc|Number=Sing	_	_	_	@smg1971-word#@smg1971#1061.779#1062.166
610	паспорта	паспорт	NOUN	_	Animacy=Inan|Case=Gen|Gender=Masc|Number=Sing	_	_	_	@smg1971-word#@smg1971#1062.166#1062.555
611	и	и	CCONJ	_	_	_	_	_	@smg1971-word#@smg1971#1062.815#1063.068
612	меняется	меняться	VERB	_	Aspect=Imp|Mood=Ind|Number=Sing|Person=3|Tense=Pres|VerbForm=Fin|Voice=Mid	_	_	_	@smg1971-word#@smg1971#1063.068#1063.321
613	в	в	ADP	_	_	_	_	_	@smg1971-word#@smg1971#1063.321#1063.574
614	лице	лицо	NOUN	_	Animacy=Inan|Case=Loc|Gender=Neut|Number=Sing	_	_	_	@smg1971-word#@smg1971#1063.574#1063.83
615	у	у	ADP	_	_	_	_	_	@smg1971-word#@smg1971#1064.43#1064.707
616	него	он	PRON	_	Case=Gen|Gender=Masc|Number=Sing|Person=3	_	_	_	@smg1971-word#@smg1971#1064.707#1064.984
617	на	на	ADP	_	_	_	_	_	@smg1971-word#@smg1971#1064.984#1065.261
618	экране	экран	NOUN	_	Animacy=Inan|Case=Loc|Gender=Masc|Number=Sing	_	_	_	@smg1971-word#@smg1971#1065.261#1065.538
619	большими	большой	ADJ	_	Case=Ins|Degree=Pos|Number=Plur	_	_	_	@smg1971-word#@smg1971#1065.538#1065.815
620	красными	красный	ADJ	_	Case=Ins|Degree=Pos|Number=Plur	_	_	_	@smg1971-word#@smg1971#1065.815#1066.092
621	буквами	буква	NOUN	_	Animacy=Inan|Case=Ins|Gender=Fem|Number=Plur	_	_	_	@smg1971-word#@smg1971#1066.092#1066.37
622	появляются	появляться	VERB	_	Aspect=Imp|Mood=Ind|Number=Plur|Person=3|Tense=Pres|VerbForm=Fin|Voice=Mid	_	_	_	@smg1971-word#@smg1971#1067.085#1067.475
623	какие	какой	DET	_	Case=Nom|Number=Plur	_	_	_	@smg1971-word#@smg1971#1067.475#1067.865
624	то	тот	SCONJ	_	_	_	_	_	@smg1971-word#@smg1971#1067.865#1068.255
625	сообщения	сообщение	NOUN	_	Animacy=Inan|Case=Nom|Gender=Neut|Number=Plur	_	_	_	@smg1971-word#@smg1971#1068.255#1068.645
626	что	что	SCONJ	_	_	_	_	_	@smg1971-word#@smg1971#1068.645#1069.035
627	что-то	что-то	PRON	_	Case=Nom	_	_	_	@smg1971-word#@smg1971#1069.295#1069.532
628	пошло	пойти	VERB	_	Aspect=Perf|Gender=Neut|Mood=Ind|Number=Sing|Tense=Past|VerbForm=Fin|Voice=Act	_	_	_	@smg1971-word#@smg1971#1069.532#1069.769
629	не	не	PART	_	_	_	_	_	@smg1971-word#@smg1971#1069.769#1070.006
630	так	так	ADV	_	Degree=Pos	_	_	_	@smg1971-word#@smg1971#1070.006#1070.245
631	Это	это	PRON	_	Animacy=Inan|Case=Nom|Gender=Neut|Number=Sing	_	_	_	@smg1971-word#@smg1971#1071.095#1071.36
632	было	быть	AUX	_	Aspect=Imp|Gender=Neut|Mood=Ind|Number=Sing|Tense=Past|VerbForm=Fin|Voice=Act	_	_	_	@smg1971-word#@smg1971#1071.36#1071.625
633	раннее	ранний	ADJ	_	Case=Nom|Degree=Pos|Gender=Neut|Number=Sing	_	_	_	@smg1971-word#@smg1971#1071.705#1071.99
634	время	время	NOUN	_	Animacy=Inan|Case=Nom|Gender=Neut|Number=Sing	_	_	_	@smg1971-word#@smg1971#1071.99#1072.275
635	то	то	PRON	_	Animacy=Inan|Case=Nom|Gender=Neut|Number=Sing	_	_	_	@smg1971-word#@smg1971#1072.275#1072.56
636	есть	быть	VERB	_	Aspect=Imp|Mood=Ind|Number=Sing|Person=3|Tense=Pres|VerbForm=Fin|Voice=Act	_	_	_	@smg1971-word#@smg1971#1072.56#1072.845
637	после	после	ADP	_	_	_	_	_	@smg1971-word#@smg1971#1072.93#1073.18
638	этого	это	PRON	_	Animacy=Inan|Case=Gen|Gender=Neut|Number=Sing	_	_	_	@smg1971-word#@smg1971#1073.18#1073.43
639	уже	уже	ADV	_	Degree=Pos	_	_	_	@smg1971-word#@smg1971#1073.43#1073.68
640	у	у	ADP	_	_	_	_	_	@smg1971-word#@smg1971#1073.68#1073.93
641	многих	много	NUM	_	_	_	_	_	@smg1971-word#@smg1971#1073.93#1074.18
642	людей	человек	NOUN	_	Animacy=Anim|Case=Gen|Gender=Masc|Number=Plur	_	_	_	@smg1971-word#@smg1971#1074.18#1074.43
643	такая	такой	DET	_	Case=Nom|Gender=Fem|Number=Sing	_	_	_	@smg1971-word#@smg1971#1074.43#1074.68
644	штука	штука	NOUN	_	Animacy=Inan|Case=Nom|Gender=Fem|Number=Sing	_	_	_	@smg1971-word#@smg1971#1074.68#1074.93
645	появилась	появиться	VERB	_	Aspect=Perf|Gender=Fem|Mood=Ind|Number=Sing|Tense=Past|VerbForm=Fin|Voice=Mid	_	_	_	@smg1971-word#@smg1971#1074.93#1075.18
646	мы	мы	PRON	_	Case=Nom|Number=Plur|Person=1	_	_	_	@smg1971-word#@smg1971#1075.55#1075.874
647	были	быть	AUX	_	Aspect=Imp|Mood=Ind|Number=Plur|Tense=Past|VerbForm=Fin|Voice=Act	_	_	_	@smg1971-word#@smg1971#1075.874#1076.198
648	одними	один	ADJ	_	Case=Ins|Degree=Pos|Number=Plur	_	_	_	@smg1971-word#@smg1971#1076.198#1076.522
649	из	из	ADP	_	_	_	_	_	@smg1971-word#@smg1971#1076.522#1076.846
650	пионеров	пионер	NOUN	_	Animacy=Anim|Case=Gen|Gender=Masc|Number=Plur	_	_	_	@smg1971-word#@smg1971#1076.846#1077.17
651	и	и	CCONJ	_	_	_	_	_	@smg1971-word#@smg1971#1077.305#1077.525
652	эээ	эээ	NOUN	_	Animacy=Inan|Case=Gen|Gender=Fem|Number=Sing	_	_	_	@smg1971-word#@smg1971#1077.97#1078.22
653	многие	много	NUM	_	_	_	_	_	@smg1971-word#@smg1971#1078.29#1078.587
654	пограничники	пограничник	NOUN	_	Animacy=Anim|Case=Nom|Gender=Masc|Number=Plur	_	_	_	@smg1971-word#@smg1971#1078.587#1078.884
655	прям	пре	NOUN	_	Animacy=Anim|Case=Dat|Gender=Masc|Number=Plur	_	_	_	@smg1971-word#@smg1971#1078.884#1079.181
656	не	не	PART	_	_	_	_	_	@smg1971-word#@smg1971#1079.181#1079.478
657	знали	знать	VERB	_	Aspect=Imp|Mood=Ind|Number=Plur|Tense=Past|VerbForm=Fin|Voice=Act	_	_	_	@smg1971-word#@smg1971#1079.478#1079.775
658	что	что	PRON	_	Case=Acc	_	_	_	@smg1971-word#@smg1971#1079.775#1080.072
659	делать	делать	VERB	_	Aspect=Imp|VerbForm=Inf|Voice=Act	_	_	_	@smg1971-word#@smg1971#1080.072#1080.37
660	они	они	PRON	_	Case=Nom|Number=Plur|Person=3	_	_	_	@smg1971-word#@smg1971#1080.45#1080.876
661	звонили	звонить	VERB	_	Aspect=Perf|Mood=Ind|Number=Plur|Tense=Past|VerbForm=Fin|Voice=Act	_	_	_	@smg1971-word#@smg1971#1080.876#1081.302
662	старшОму	старший	NOUN	_	Animacy=Inan|Case=Acc|Gender=Fem|Number=Sing	_	_	_	@smg1971-word#@smg1971#1081.302#1081.73
663	приходил	приходить	VERB	_	Aspect=Imp|Gender=Masc|Mood=Ind|Number=Sing|Tense=Past|VerbForm=Fin|Voice=Act	_	_	_	@smg1971-word#@smg1971#1082.125#1082.595
664	офицер	офицер	NOUN	_	Animacy=Anim|Case=Nom|Gender=Masc|Number=Sing	_	_	_	@smg1971-word#@smg1971#1082.595#1083.065
665	говорил	говорить	VERB	_	Aspect=Imp|Gender=Masc|Mood=Ind|Number=Sing|Tense=Past|VerbForm=Fin|Voice=Act	_	_	_	@smg1971-word#@smg1971#1083.48#1083.78
666	Вы	вы	PRON	_	Case=Nom|Number=Plur|Person=2	_	_	_	@smg1971-word#@smg1971#1083.78#1084.08
667	не	не	PART	_	_	_	_	_	@smg1971-word#@smg1971#1084.08#1084.38
668	переживаете	переживать	VERB	_	Aspect=Imp|Mood=Ind|Number=Plur|Person=2|Tense=Pres|VerbForm=Fin|Voice=Act	_	_	_	@smg1971-word#@smg1971#1084.38#1084.68
669	все	все	PRON	_	Animacy=Inan|Case=Nom|Gender=Neut|Number=Sing	_	_	_	@smg1971-word#@smg1971#1084.68#1084.98
670	будет	быть	AUX	_	Aspect=Imp|Mood=Ind|Number=Sing|Person=3|Tense=Pres|VerbForm=Fin|Voice=Act	_	_	_	@smg1971-word#@smg1971#1084.98#1085.28
671	хорошо	хорошо	ADJ	_	Degree=Pos|Gender=Neut|Number=Sing|Variant=Short	_	_	_	@smg1971-word#@smg1971#1085.28#1085.58
672	но	но	CCONJ	_	_	_	_	_	@smg1971-word#@smg1971#1086.095#1086.565
673	они	они	PRON	_	Case=Nom|Number=Plur|Person=3	_	_	_	@smg1971-word#@smg1971#1086.605#1087.025
674	несколько	несколько	NUM	_	Case=Nom	_	_	_	@smg1971-word#@smg1971#1087.025#1087.445
675	минут	минута	NOUN	_	Animacy=Inan|Case=Gen|Gender=Fem|Number=Plur	_	_	_	@smg1971-word#@smg1971#1087.445#1087.865
676	проверяли	проверять	VERB	_	Aspect=Imp|Mood=Ind|Number=Plur|Tense=Past|VerbForm=Fin|Voice=Act	_	_	_	@smg1971-word#@smg1971#1088.02#1088.36
677	стоит	стоить	VERB	_	Aspect=Imp|Mood=Ind|Number=Sing|Person=3|Tense=Pres|VerbForm=Fin|Voice=Act	_	_	_	@smg1971-word#@smg1971#1088.36#1088.7
678	ли	ли	PART	_	_	_	_	_	@smg1971-word#@smg1971#1088.7#1089.04
679	на	на	ADP	_	_	_	_	_	@smg1971-word#@smg1971#1089.04#1089.38
680	задерживать	задерживать	VERB	_	Aspect=Imp|VerbForm=Inf|Voice=Act	_	_	_	@smg1971-word#@smg1971#1089.38#1089.72
681	сейчас	сейчас	ADV	_	Degree=Pos	_	_	_	@smg1971-word#@smg1971#1089.72#1090.06
682	или	или	CCONJ	_	_	_	_	_	@smg1971-word#@smg1971#1090.355#1090.597
683	в	в	ADP	_	_	_	_	_	@smg1971-word#@smg1971#1090.597#1090.839
684	следующий	следующий	ADJ	_	Animacy=Inan|Case=Acc|Degree=Pos|Gender=Masc|Number=Sing	_	_	_	@smg1971-word#@smg1971#1090.839#1091.081
685	раз	раз	NOUN	_	Animacy=Inan|Case=Acc|Gender=Masc|Number=Sing	_	_	_	@smg1971-word#@smg1971#1091.081#1091.325
686	и	и	CCONJ	_	_	_	_	_	@smg1971-word#@smg1971#1091.805#1092.115
687	как	как	ADV	_	Degree=Pos	_	_	_	@smg1971-word#@smg1971#1092.325#1092.545
688	то	то	SCONJ	_	_	_	_	_	@smg1971-word#@smg1971#1092.545#1092.765
689	каждый	каждый	DET	_	Case=Acc|Gender=Masc|Number=Sing	_	_	_	@smg1971-word#@smg1971#1093.13#1093.42
690	раз	раз	NOUN	_	Animacy=Inan|Case=Acc|Gender=Masc|Number=Sing	_	_	_	@smg1971-word#@smg1971#1093.42#1093.71
691	когда	когда	SCONJ	_	_	_	_	_	@smg1971-word#@smg1971#1093.71#1094.0
692	мы	мы	PRON	_	Case=Nom|Number=Plur|Person=1	_	_	_	@smg1971-word#@smg1971#1094.0#1094.29
693	в	в	ADP	_	_	_	_	_	@smg1971-word#@smg1971#1094.29#1094.58
694	эти	этот	DET	_	Case=Acc|Number=Plur	_	_	_	@smg1971-word#@smg1971#1094.58#1094.87
695	месяцы	месяц	NOUN	_	Animacy=Inan|Case=Acc|Gender=Masc|Number=Plur	_	_	_	@smg1971-word#@smg1971#1094.87#1095.16
696	въезжали	въезжать	VERB	_	Aspect=Imp|Mood=Ind|Number=Plur|Tense=Past|VerbForm=Fin|Voice=Act	_	_	_	@smg1971-word#@smg1971#1095.16#1095.45
697	и	и	CCONJ	_	_	_	_	_	@smg1971-word#@smg1971#1095.45#1095.74
698	уезжали	уезжать	VERB	_	Aspect=Imp|Mood=Ind|Number=Plur|Tense=Past|VerbForm=Fin|Voice=Act	_	_	_	@smg1971-word#@smg1971#1095.74#1096.03
699	из	из	ADP	_	_	_	_	_	@smg1971-word#@smg1971#1096.03#1096.32
700	страны	страна	NOUN	_	Animacy=Inan|Case=Gen|Gender=Fem|Number=Sing	_	_	_	@smg1971-word#@smg1971#1096.32#1096.62
701	было	быть	AUX	_	Aspect=Imp|Gender=Neut|Mood=Ind|Number=Sing|Tense=Past|VerbForm=Fin|Voice=Act	_	_	_	@smg1971-word#@smg1971#1096.89#1097.2
702	неприятно	неприятный	ADJ	_	Degree=Pos|Gender=Neut|Number=Sing|Variant=Short	_	_	_	@smg1971-word#@smg1971#1097.2#1097.51
703	но	но	CCONJ	_	_	_	_	_	@smg1971-word#@smg1971#1097.585#1097.844
704	в	в	ADP	_	_	_	_	_	@smg1971-word#@smg1971#1097.844#1098.103
705	этот	этот	DET	_	Case=Acc|Gender=Masc|Number=Sing	_	_	_	@smg1971-word#@smg1971#1098.103#1098.362
706	раз	раз	NOUN	_	Animacy=Inan|Case=Acc|Gender=Masc|Number=Sing	_	_	_	@smg1971-word#@smg1971#1098.362#1098.621
707	было	быть	AUX	_	Aspect=Imp|Gender=Neut|Mood=Ind|Number=Sing|Tense=Past|VerbForm=Fin|Voice=Act	_	_	_	@smg1971-word#@smg1971#1098.621#1098.88
708	особенно	особенно	ADV	_	Degree=Pos	_	_	_	@smg1971-word#@smg1971#1098.88#1099.139
709	неприятно	неприятный	ADJ	_	Degree=Pos|Gender=Neut|Number=Sing|Variant=Short	_	_	_	@smg1971-word#@smg1971#1099.139#1099.4
710	Нет	нет	PART	_	_	_	_	_	@smg1971-word#@smg1971#1113.355#1113.63
711	мне	я	PRON	_	Case=Dat|Number=Sing|Person=1	_	_	_	@smg1971-word#@smg1971#1113.63#1113.905
712	никто	никто	PRON	_	Case=Nom	_	_	_	@smg1971-word#@smg1971#1113.905#1114.18
713	не	не	PART	_	_	_	_	_	@smg1971-word#@smg1971#1114.18#1114.455
714	предлагал	предлагать	VERB	_	Aspect=Imp|Gender=Masc|Mood=Ind|Number=Sing|Tense=Past|VerbForm=Fin|Voice=Act	_	_	_	@smg1971-word#@smg1971#1114.455#1114.73
715	этих	этот	DET	_	Case=Gen|Number=Plur	_	_	_	@smg1971-word#@smg1971#1114.73#1115.005
716	денег	деньги	NOUN	_	Animacy=Inan|Case=Gen|Gender=Fem|Number=Plur	_	_	_	@smg1971-word#@smg1971#1115.185#1115.525
717	никогда	никогда	ADV	_	Degree=Pos	_	_	_	@smg1971-word#@smg1971#1115.77#1116.67
718	и	и	CCONJ	_	_	_	_	_	@smg1971-word#@smg1971#1116.905#1117.255
719	эээ	эээ	NOUN	_	Animacy=Inan|Case=Nom|Gender=Neut|Number=Sing	_	_	_	@smg1971-word#@smg1971#1117.885#1118.142
720	на	на	ADP	_	_	_	_	_	@smg1971-word#@smg1971#1118.142#1118.399
721	самом	самый	ADJ	_	Case=Loc|Degree=Pos|Gender=Neut|Number=Sing	_	_	_	@smg1971-word#@smg1971#1118.399#1118.656
722	деле	дело	NOUN	_	Animacy=Inan|Case=Loc|Gender=Neut|Number=Sing	_	_	_	@smg1971-word#@smg1971#1118.656#1118.913
723	я	я	PRON	_	Case=Nom|Number=Sing|Person=1	_	_	_	@smg1971-word#@smg1971#1118.913#1119.17
724	никогда	никогда	ADV	_	Degree=Pos	_	_	_	@smg1971-word#@smg1971#1119.17#1119.427
725	не	не	PART	_	_	_	_	_	@smg1971-word#@smg1971#1119.427#1119.684
726	получал	получать	VERB	_	Aspect=Imp|Gender=Masc|Mood=Ind|Number=Sing|Tense=Past|VerbForm=Fin|Voice=Act	_	_	_	@smg1971-word#@smg1971#1119.684#1119.941
727	денег	деньги	NOUN	_	Animacy=Inan|Case=Gen|Gender=Fem|Number=Plur	_	_	_	@smg1971-word#@smg1971#1119.941#1120.198
728	от	от	ADP	_	_	_	_	_	@smg1971-word#@smg1971#1120.198#1120.455
729	Ходорковского	Ходорковский	PROPN	_	Animacy=Anim|Case=Gen|Gender=Masc|Number=Sing	_	_	_	@smg1971-word#@smg1971#1120.605#1121.163
730	Юкоса	Юкоса	PROPN	_	Animacy=Inan|Case=Gen|Gender=Masc|Number=Sing	_	_	_	@smg1971-word#@smg1971#1121.163#1121.721
731	и	и	CCONJ	_	_	_	_	_	@smg1971-word#@smg1971#1121.721#1122.279
732	его	его	PRON	_	Case=Gen|Gender=Masc|Number=Sing|Person=3	_	_	_	@smg1971-word#@smg1971#1122.279#1122.837
733	партнеров	партнер	NOUN	_	Animacy=Anim|Case=Gen|Gender=Masc|Number=Plur	_	_	_	@smg1971-word#@smg1971#1122.837#1123.395
734	не	не	PART	_	_	_	_	_	@smg1971-word#@smg1971#1124.095#1124.425
735	до	до	ADP	_	_	_	_	_	@smg1971-word#@smg1971#1124.545#1124.757
736	того	то	PRON	_	Animacy=Inan|Case=Gen|Gender=Neut|Number=Sing	_	_	_	@smg1971-word#@smg1971#1124.757#1124.969
737	как	как	SCONJ	_	_	_	_	_	@smg1971-word#@smg1971#1124.969#1125.181
738	я	я	PRON	_	Case=Nom|Number=Sing|Person=1	_	_	_	@smg1971-word#@smg1971#1125.181#1125.393
739	уехал	уехать	VERB	_	Aspect=Perf|Gender=Masc|Mood=Ind|Number=Sing|Tense=Past|VerbForm=Fin|Voice=Act	_	_	_	@smg1971-word#@smg1971#1125.393#1125.605
740	из	из	ADP	_	_	_	_	_	@smg1971-word#@smg1971#1125.605#1125.817
741	России	Россия	PROPN	_	Animacy=Inan|Case=Gen|Gender=Fem|Number=Sing	_	_	_	@smg1971-word#@smg1971#1125.817#1126.029
742	не	не	PART	_	_	_	_	_	@smg1971-word#@smg1971#1126.029#1126.241
743	после	после	ADP	_	_	_	_	_	@smg1971-word#@smg1971#1126.241#1126.453
744	того	то	PRON	_	Animacy=Inan|Case=Gen|Gender=Neut|Number=Sing	_	_	_	@smg1971-word#@smg1971#1126.453#1126.665
745	как	как	SCONJ	_	_	_	_	_	@smg1971-word#@smg1971#1126.665#1126.877
746	я	я	PRON	_	Case=Nom|Number=Sing|Person=1	_	_	_	@smg1971-word#@smg1971#1126.877#1127.089
747	уехал	уехать	VERB	_	Aspect=Perf|Gender=Masc|Mood=Ind|Number=Sing|Tense=Past|VerbForm=Fin|Voice=Act	_	_	_	@smg1971-word#@smg1971#1127.089#1127.301
748	из	из	ADP	_	_	_	_	_	@smg1971-word#@smg1971#1127.301#1127.513
749	России	Россия	PROPN	_	Animacy=Inan|Case=Gen|Gender=Fem|Number=Sing	_	_	_	@smg1971-word#@smg1971#1127.513#1127.735
750	следствие	следствие	NOUN	_	Animacy=Inan|Case=Nom|Gender=Neut|Number=Sing	_	_	_	@smg1971-word#@smg1971#1128.705#1129.208
751	показало	показать	VERB	_	Aspect=Perf|Gender=Neut|Mood=Ind|Number=Sing|Tense=Past|VerbForm=Fin|Voice=Act	_	_	_	@smg1971-word#@smg1971#1129.208#1129.711
752	что	что	SCONJ	_	_	_	_	_	@smg1971-word#@smg1971#1129.711#1130.215
753	был	быть	AUX	_	Aspect=Imp|Gender=Masc|Mood=Ind|Number=Sing|Tense=Past|VerbForm=Fin|Voice=Act	_	_	_	@smg1971-word#@smg1971#1130.655#1131.061
754	момент	момент	NOUN	_	Animacy=Inan|Case=Nom|Gender=Masc|Number=Sing	_	_	_	@smg1971-word#@smg1971#1131.061#1131.467
755	когда	когда	SCONJ	_	_	_	_	_	@smg1971-word#@smg1971#1131.467#1131.875
756	какие-то	какой-то	DET	_	Case=Nom|Number=Plur	_	_	_	@smg1971-word#@smg1971#1132.3#1132.896
757	структуры	структура	NOUN	_	Animacy=Inan|Case=Nom|Gender=Fem|Number=Plur	_	_	_	@smg1971-word#@smg1971#1132.896#1133.492
758	аффилированные	аффилировать	VERB	_	Aspect=Perf|Case=Nom|Number=Plur|Tense=Past|VerbForm=Part|Voice=Pass	_	_	_	@smg1971-word#@smg1971#1133.492#1134.09
759	с	с	ADP	_	_	_	_	_	@smg1971-word#@smg1971#1134.8#1135.21
760	компанией	компания	NOUN	_	Animacy=Inan|Case=Ins|Gender=Fem|Number=Sing	_	_	_	@smg1971-word#@smg1971#1135.27#1135.505
761	Юкос	юкос	PROPN	_	Animacy=Inan|Case=Nom|Gender=Masc|Number=Sing	_	_	_	@smg1971-word#@smg1971#1135.975#1136.21
762	сделали	делать	VERB	_	Aspect=Perf|Mood=Ind|Number=Plur|Tense=Past|VerbForm=Fin|Voice=Act	_	_	_	@smg1971-word#@smg1971#1136.895#1137.222
763	пожертвование	пожертвование	NOUN	_	Animacy=Inan|Case=Acc|Gender=Neut|Number=Sing	_	_	_	@smg1971-word#@smg1971#1137.222#1137.549
764	в	в	ADP	_	_	_	_	_	@smg1971-word#@smg1971#1137.549#1137.876
765	бюджет	бюджет	NOUN	_	Animacy=Inan|Case=Acc|Gender=Masc|Number=Sing	_	_	_	@smg1971-word#@smg1971#1137.876#1138.203
766	российской	российский	ADJ	_	Case=Gen|Degree=Pos|Gender=Fem|Number=Sing	_	_	_	@smg1971-word#@smg1971#1138.203#1138.53
767	экономической	экономический	ADJ	_	Case=Gen|Degree=Pos|Gender=Fem|Number=Sing	_	_	_	@smg1971-word#@smg1971#1138.53#1138.857
768	школы/но	школы/но	ADV	_	Degree=Pos	_	_	_	@smg1971-word#@smg1971#1138.857#1139.184
769	это	это	PRON	_	Animacy=Inan|Case=Nom|Gender=Neut|Number=Sing	_	_	_	@smg1971-word#@smg1971#1139.184#1139.511
770	было	быть	AUX	_	Aspect=Imp|Gender=Neut|Mood=Ind|Number=Sing|Tense=Past|VerbForm=Fin|Voice=Act	_	_	_	@smg1971-word#@smg1971#1139.511#1139.838
771	в	в	ADP	_	_	_	_	_	@smg1971-word#@smg1971#1139.838#1140.165
772	две	два	NUM	_	Animacy=Inan|Case=Acc|Gender=Fem	_	_	_	@smg1971-word#@smg1971#1140.165#1140.492
773	тысячи	тысяча	NOUN	_	Animacy=Inan|Case=Gen|Gender=Fem|Number=Sing	_	_	_	@smg1971-word#@smg1971#1140.492#1140.825
774	третьем	третий	ADJ	_	Case=Loc|Degree=Pos|Gender=Neut|Number=Sing	_	_	_	@smg1971-word#@smg1971#1141.205#1141.447
775	или	или	CCONJ	_	_	_	_	_	@smg1971-word#@smg1971#1141.447#1141.689
776	четвертом	четвертый	ADJ	_	Case=Loc|Degree=Pos|Gender=Masc|Number=Sing	_	_	_	@smg1971-word#@smg1971#1141.689#1141.931
777	году	год	NOUN	_	Animacy=Inan|Case=Loc|Gender=Masc|Number=Sing	_	_	_	@smg1971-word#@smg1971#1141.931#1142.173
778	когда	когда	SCONJ	_	_	_	_	_	@smg1971-word#@smg1971#1142.173#1142.415
779	я	я	PRON	_	Case=Nom|Number=Sing|Person=1	_	_	_	@smg1971-word#@smg1971#1142.415#1142.657
780	на	на	ADP	_	_	_	_	_	@smg1971-word#@smg1971#1142.657#1142.899
781	самом	самый	ADJ	_	Case=Loc|Degree=Pos|Gender=Neut|Number=Sing	_	_	_	@smg1971-word#@smg1971#1142.899#1143.141
782	деле	дело	NOUN	_	Animacy=Inan|Case=Loc|Gender=Neut|Number=Sing	_	_	_	@smg1971-word#@smg1971#1143.141#1143.383
783	не	не	PART	_	_	_	_	_	@smg1971-word#@smg1971#1143.383#1143.625
784	работал	работать	VERB	_	Aspect=Imp|Gender=Masc|Mood=Ind|Number=Sing|Tense=Past|VerbForm=Fin|Voice=Act	_	_	_	@smg1971-word#@smg1971#1143.625#1143.867
785	в	в	ADP	_	_	_	_	_	@smg1971-word#@smg1971#1143.867#1144.109
786	РЭШ'е	РЭШ'	PROPN	_	Animacy=Inan|Case=Loc|Gender=Masc|Number=Sing	_	_	_	@smg1971-word#@smg1971#1144.109#1144.355
787	у	у	ADP	_	_	_	_	_	@smg1971-word#@smg1971#1144.455#1144.715
788	меня	я	PRON	_	Case=Gen|Number=Sing|Person=1	_	_	_	@smg1971-word#@smg1971#1144.715#1144.975
789	был	быть	VERB	_	Aspect=Imp|Gender=Masc|Mood=Ind|Number=Sing|Tense=Past|VerbForm=Fin|Voice=Act	_	_	_	@smg1971-word#@smg1971#1144.975#1145.235
790	такой	такой	DET	_	Case=Nom|Gender=Masc|Number=Sing	_	_	_	@smg1971-word#@smg1971#1145.235#1145.495
791	отпуск	отпуск	NOUN	_	Animacy=Inan|Case=Nom|Gender=Masc|Number=Sing	_	_	_	@smg1971-word#@smg1971#1145.495#1145.755
792	когда	когда	SCONJ	_	_	_	_	_	@smg1971-word#@smg1971#1145.755#1146.015
793	я	я	PRON	_	Case=Nom|Number=Sing|Person=1	_	_	_	@smg1971-word#@smg1971#1146.015#1146.275
794	уехал	уехать	VERB	_	Aspect=Perf|Gender=Masc|Mood=Ind|Number=Sing|Tense=Past|VerbForm=Fin|Voice=Act	_	_	_	@smg1971-word#@smg1971#1146.275#1146.535
795	на	на	ADP	_	_	_	_	_	@smg1971-word#@smg1971#1146.535#1146.795
796	год	год	NOUN	_	Animacy=Inan|Case=Acc|Gender=Masc|Number=Sing	_	_	_	@smg1971-word#@smg1971#1146.795#1147.055
797	преподавать	преподавать	VERB	_	Aspect=Imp|VerbForm=Inf|Voice=Act	_	_	_	@smg1971-word#@smg1971#1147.055#1147.315
798	в	в	ADP	_	_	_	_	_	@smg1971-word#@smg1971#1147.315#1147.575
799	Принстон	Принстон	PROPN	_	Animacy=Inan|Case=Acc|Gender=Masc|Number=Sing	_	_	_	@smg1971-word#@smg1971#1147.575#1147.835
800	и	и	CCONJ	_	_	_	_	_	@smg1971-word#@smg1971#1148.49#1148.686
801	в	в	ADP	_	_	_	_	_	@smg1971-word#@smg1971#1148.686#1148.882
802	этом	этот	DET	_	Case=Loc|Gender=Masc|Number=Sing	_	_	_	@smg1971-word#@smg1971#1148.882#1149.078
803	смысле	смысл	NOUN	_	Animacy=Inan|Case=Loc|Gender=Masc|Number=Sing	_	_	_	@smg1971-word#@smg1971#1149.078#1149.274
804	я	я	PRON	_	Case=Nom|Number=Sing|Person=1	_	_	_	@smg1971-word#@smg1971#1149.274#1149.47
805	эти	этот	DET	_	Case=Nom|Number=Plur	_	_	_	@smg1971-word#@smg1971#1149.47#1149.666
806	деньги	деньги	NOUN	_	Animacy=Inan|Case=Nom|Gender=Fem|Number=Plur	_	_	_	@smg1971-word#@smg1971#1149.666#1149.862
807	пришли	прийти	VERB	_	Aspect=Perf|Mood=Ind|Number=Plur|Tense=Past|VerbForm=Fin|Voice=Act	_	_	_	@smg1971-word#@smg1971#1149.862#1150.058
808	после	после	ADP	_	_	_	_	_	@smg1971-word#@smg1971#1150.058#1150.254
809	того	то	PRON	_	Animacy=Inan|Case=Gen|Gender=Neut|Number=Sing	_	_	_	@smg1971-word#@smg1971#1150.254#1150.45
810	как	как	SCONJ	_	_	_	_	_	@smg1971-word#@smg1971#1150.45#1150.646
811	я	я	PRON	_	Case=Nom|Number=Sing|Person=1	_	_	_	@smg1971-word#@smg1971#1150.646#1150.842
812	уехал	уехать	VERB	_	Aspect=Perf|Gender=Masc|Mood=Ind|Number=Sing|Tense=Past|VerbForm=Fin|Voice=Act	_	_	_	@smg1971-word#@smg1971#1150.842#1151.05
813	они	они	PRON	_	Case=Nom|Number=Plur|Person=3	_	_	_	@smg1971-word#@smg1971#1151.125#1151.445
814	были	быть	AUX	_	Aspect=Imp|Mood=Ind|Number=Plur|Tense=Past|VerbForm=Fin|Voice=Act	_	_	_	@smg1971-word#@smg1971#1151.445#1151.765
815	потрачены	тратить	VERB	_	Aspect=Perf|Number=Plur|Tense=Past|Variant=Short|VerbForm=Part|Voice=Pass	_	_	_	@smg1971-word#@smg1971#1151.765#1152.085
816	до	до	ADP	_	_	_	_	_	@smg1971-word#@smg1971#1152.57#1152.796
817	того	то	PRON	_	Animacy=Inan|Case=Gen|Gender=Neut|Number=Sing	_	_	_	@smg1971-word#@smg1971#1152.796#1153.022
818	как	как	SCONJ	_	_	_	_	_	@smg1971-word#@smg1971#1153.022#1153.248
819	я	я	PRON	_	Case=Nom|Number=Sing|Person=1	_	_	_	@smg1971-word#@smg1971#1153.248#1153.474
820	вернулся	вернуться	VERB	_	Aspect=Perf|Gender=Masc|Mood=Ind|Number=Sing|Tense=Past|VerbForm=Fin|Voice=Mid	_	_	_	@smg1971-word#@smg1971#1153.474#1153.7
821	назад	назад	ADV	_	Degree=Pos	_	_	_	@smg1971-word#@smg1971#1153.7#1153.926
822	из	из	ADP	_	_	_	_	_	@smg1971-word#@smg1971#1153.926#1154.152
823	Принстона	Принстон	PROPN	_	Animacy=Inan|Case=Gen|Gender=Masc|Number=Sing	_	_	_	@smg1971-word#@smg1971#1154.152#1154.378
824	в	в	ADP	_	_	_	_	_	@smg1971-word#@smg1971#1154.378#1154.604
825	Москву	Москва	PROPN	_	Animacy=Inan|Case=Acc|Gender=Fem|Number=Sing	_	_	_	@smg1971-word#@smg1971#1154.604#1154.83
826	то	то	PRON	_	Animacy=Inan|Case=Nom|Gender=Neut|Number=Sing	_	_	_	@smg1971-word#@smg1971#1154.83#1155.056
827	есть	быть	VERB	_	Aspect=Imp|Mood=Ind|Number=Sing|Person=3|Tense=Pres|VerbForm=Fin|Voice=Act	_	_	_	@smg1971-word#@smg1971#1155.056#1155.282
828	я	я	PRON	_	Case=Nom|Number=Sing|Person=1	_	_	_	@smg1971-word#@smg1971#1155.282#1155.508
829	к	к	ADP	_	_	_	_	_	@smg1971-word#@smg1971#1155.508#1155.734
830	этим	этот	DET	_	Case=Dat|Number=Plur	_	_	_	@smg1971-word#@smg1971#1155.734#1155.96
831	деньгам	деньги	NOUN	_	Animacy=Inan|Case=Dat|Gender=Fem|Number=Plur	_	_	_	@smg1971-word#@smg1971#1155.96#1156.186
832	вообще	вообще	ADV	_	Degree=Pos	_	_	_	@smg1971-word#@smg1971#1156.186#1156.412
833	никакого	никакой	DET	_	Case=Gen|Gender=Neut|Number=Sing	_	_	_	@smg1971-word#@smg1971#1156.412#1156.64
834	отношения	отношение	NOUN	_	Animacy=Inan|Case=Gen|Gender=Neut|Number=Sing	_	_	_	@smg1971-word#@smg1971#1156.95#1157.53
835	не	не	PART	_	_	_	_	_	@smg1971-word#@smg1971#1157.925#1158.085
836	мог	мочь	VERB	_	Aspect=Imp|Gender=Masc|Mood=Ind|Number=Sing|Tense=Past|VerbForm=Fin|Voice=Act	_	_	_	@smg1971-word#@smg1971#1158.085#1158.245
837	иметь	иметь	VERB	_	Aspect=Imp|VerbForm=Inf|Voice=Act	_	_	_	@smg1971-word#@smg1971#1158.67#1158.87
838	пятдясят	пятдясят	NUM	_	Case=Acc	_	_	_	@smg1971-word#@smg1971#1160.615#1160.843
839	тысяч	тысяча	NOUN	_	Animacy=Inan|Case=Gen|Gender=Fem|Number=Plur	_	_	_	@smg1971-word#@smg1971#1160.843#1161.071
840	долларов	доллар	NOUN	_	Animacy=Inan|Case=Gen|Gender=Masc|Number=Plur	_	_	_	@smg1971-word#@smg1971#1161.071#1161.3
841	да	да	CCONJ	_	_	_	_	_	@smg1971-word#@smg1971#1163.935#1164.115
842	ну	ну	PART	_	_	_	_	_	@smg1971-word#@smg1971#1165.705#1165.755
843	вот	вот	PART	_	_	_	_	_	@smg1971-word#@smg1971#1165.755#1165.805
844	что	что	PRON	_	Case=Nom	_	_	_	@smg1971-word#@smg1971#1166.05#1166.237
845	то	то	PRON	_	Animacy=Inan|Case=Nom|Gender=Neut|Number=Sing	_	_	_	@smg1971-word#@smg1971#1166.237#1166.424
846	такое	такой	DET	_	Case=Nom|Gender=Neut|Number=Sing	_	_	_	@smg1971-word#@smg1971#1166.424#1166.611
847	да	да	CCONJ	_	_	_	_	_	@smg1971-word#@smg1971#1166.611#1166.8
848	Эти	этот	DET	_	Case=Nom|Number=Plur	_	_	_	@smg1971-word#@smg1971#1167.21#1167.625
849	платежки	платежка	NOUN	_	Animacy=Inan|Case=Nom|Gender=Masc|Number=Plur	_	_	_	@smg1971-word#@smg1971#1167.625#1168.04
850	даже	даже	PART	_	_	_	_	_	@smg1971-word#@smg1971#1168.04#1168.455
851	публиковались	публиковать	VERB	_	Aspect=Imp|Mood=Ind|Number=Plur|Tense=Past|VerbForm=Fin|Voice=Mid	_	_	_	@smg1971-word#@smg1971#1168.455#1168.87
852	это	это	PRON	_	Animacy=Inan|Case=Acc|Gender=Neut|Number=Sing	_	_	_	@smg1971-word#@smg1971#1168.87#1169.285
853	это	это	DET	_	Case=Acc|Gender=Neut|Number=Sing	_	_	_	@smg1971-word#@smg1971#1169.285#1169.7
854	следственный	следственный	ADJ	_	Case=Nom|Degree=Pos|Gender=Masc|Number=Sing	_	_	_	@smg1971-word#@smg1971#1170.065#1170.467
855	коммитет	коммитет	NOUN	_	Animacy=Inan|Case=Nom|Gender=Masc|Number=Sing	_	_	_	@smg1971-word#@smg1971#1170.467#1170.869
856	так	так	ADV	_	Degree=Pos	_	_	_	@smg1971-word#@smg1971#1170.869#1171.271
857	что	что	SCONJ	_	_	_	_	_	@smg1971-word#@smg1971#1171.271#1171.675
858	эм	эм	NOUN	_	Animacy=Inan|Case=Nom|Gender=Masc|Number=Sing	_	_	_	@smg1971-word#@smg1971#1172.215#1172.435
859	та	тот	DET	_	Case=Nom|Gender=Fem|Number=Sing	_	_	_	@smg1971-word#@smg1971#1172.7#1173.01
860	тайной	тайный	ADJ	_	Case=Gen|Degree=Pos|Gender=Fem|Number=Sing	_	_	_	@smg1971-word#@smg1971#1173.11#1173.566
861	следствия	следствие	NOUN	_	Animacy=Inan|Case=Gen|Gender=Neut|Number=Sing	_	_	_	@smg1971-word#@smg1971#1173.566#1174.022
862	связанн	связанн	NOUN	_	Animacy=Inan|Case=Gen|Gender=Fem|Number=Plur	_	_	_	@smg1971-word#@smg1971#1174.022#1174.48
863	связана	связать	VERB	_	Aspect=Perf|Gender=Fem|Number=Sing|Tense=Past|Variant=Short|VerbForm=Part|Voice=Pass	_	_	_	@smg1971-word#@smg1971#1175.03#1175.281
864	только	только	PART	_	_	_	_	_	@smg1971-word#@smg1971#1175.281#1175.532
865	одна	один	NUM	_	Case=Nom|Gender=Fem	_	_	_	@smg1971-word#@smg1971#1175.532#1175.783
866	связанна	связанть	VERB	_	Aspect=Perf|Gender=Fem|Number=Sing|Tense=Past|Variant=Short|VerbForm=Part|Voice=Pass	_	_	_	@smg1971-word#@smg1971#1175.783#1176.034
867	только	только	PART	_	_	_	_	_	@smg1971-word#@smg1971#1176.034#1176.285
868	одна	один	NUM	_	Case=Nom|Gender=Fem	_	_	_	@smg1971-word#@smg1971#1176.285#1176.536
869	сторона	сторона	NOUN	_	Animacy=Inan|Case=Nom|Gender=Fem|Number=Sing	_	_	_	@smg1971-word#@smg1971#1176.536#1176.787
870	а	а	CCONJ	_	_	_	_	_	@smg1971-word#@smg1971#1176.787#1177.038
871	другая	другой	ADJ	_	Case=Nom|Degree=Pos|Gender=Fem|Number=Sing	_	_	_	@smg1971-word#@smg1971#1177.038#1177.289
872	сторона	сторона	NOUN	_	Animacy=Inan|Case=Nom|Gender=Fem|Number=Sing	_	_	_	@smg1971-word#@smg1971#1177.289#1177.54
873	почему-то	почему-то	ADV	_	Degree=Pos	_	_	_	@smg1971-word#@smg1971#1177.54#1177.791
874	публикует	публиковать	VERB	_	Aspect=Imp|Mood=Ind|Number=Sing|Person=3|Tense=Pres|VerbForm=Fin|Voice=Act	_	_	_	@smg1971-word#@smg1971#1177.791#1178.042
875	материалы	материал	NOUN	_	Animacy=Inan|Case=Acc|Gender=Masc|Number=Plur	_	_	_	@smg1971-word#@smg1971#1178.042#1178.293
876	в	в	ADP	_	_	_	_	_	@smg1971-word#@smg1971#1178.293#1178.55
877	в	в	NOUN	_	Animacy=Inan|Case=Acc|Gender=Masc|Number=Sing	_	_	_	@smg1971-word#@smg1971#1178.725#1178.985
878	как	как	SCONJ	_	_	_	_	_	@smg1971-word#@smg1971#1179.31#1179.667
879	называется	называться	VERB	_	Aspect=Imp|Mood=Ind|Number=Sing|Person=3|Tense=Pres|VerbForm=Fin|Voice=Mid	_	_	_	@smg1971-word#@smg1971#1179.667#1180.024
880	life	life	X	_	Foreign=Yes	_	_	_	@smg1971-word#@smg1971#1180.024#1180.381
881	взгляд	взгляд	NOUN	_	Animacy=Inan|Case=Nom|Gender=Masc|Number=Sing	_	_	_	@smg1971-word#@smg1971#1180.381#1180.74
882	вот	вот	PART	_	_	_	_	_	@smg1971-word#@smg1971#1180.84#1181.0
883	это	это	PRON	_	Animacy=Inan|Case=Nom|Gender=Neut|Number=Sing	_	_	_	@smg1971-word#@smg1971#1181.0#1181.16
884	все	весь	DET	_	Case=Nom|Gender=Neut|Number=Sing	_	_	_	@smg1971-word#@smg1971#1181.16#1181.32

